open_time,id,symbol,interval_time,open_price,high_price,low_price,close_price,volume,close_time,quote_asset_volume,number_of_trades,taker_buy_base_asset_volume,taker_buy_quote_asset_volume,daily_return,historical_volatility
2022-08-18 00:00:00+00:00,6,BTCUSDT,1d,23342.66,23600.0,23111.04,23191.2,144185.97011,2022-08-18 23:59:59.999000+00:00,3375338942.261788,6029662,71864.05086,1682458592.2075613,-0.006488549291297496,
2022-08-19 00:00:00+00:00,7,BTCUSDT,1d,23191.45,23208.67,20783.57,20834.39,283995.87747,2022-08-19 23:59:59.999000+00:00,6181759252.730264,8860928,139601.81043,3038568050.675256,-0.10162518541515753,
2022-08-20 00:00:00+00:00,8,BTCUSDT,1d,20834.39,21382.85,20761.9,21140.07,183041.68363,2022-08-20 23:59:59.999000+00:00,3871242921.22468,5723362,91862.59461,1943014391.2462528,0.014671895841442906,
2022-08-21 00:00:00+00:00,9,BTCUSDT,1d,21140.07,21800.0,21069.11,21515.61,159200.6841,2022-08-21 23:59:59.999000+00:00,3405034922.8070774,5034461,80239.2419,1716250543.035858,0.017764368802941632,
2022-08-22 00:00:00+00:00,10,BTCUSDT,1d,21516.7,21548.71,20890.18,21399.83,222222.04526,2022-08-22 23:59:59.999000+00:00,4721412016.903412,6443370,110925.72751,2356921868.623943,-0.0053812092708502846,
2022-08-23 00:00:00+00:00,11,BTCUSDT,1d,21400.75,21684.87,20890.14,21529.12,200967.77164,2022-08-23 23:59:59.999000+00:00,4299812533.944709,6333442,101222.30098,2165911837.1236906,0.006041636779357429,
2022-08-24 00:00:00+00:00,12,BTCUSDT,1d,21529.11,21900.0,21145.0,21368.08,174383.22046,2022-08-24 23:59:59.999000+00:00,3744196823.5648546,5561412,86499.84759,1857345193.8069584,-0.0074801013696795815,
2022-08-25 00:00:00+00:00,13,BTCUSDT,1d,21368.05,21819.88,21310.15,21559.04,169915.78301,2022-08-25 23:59:59.999000+00:00,3672148286.6013737,5618785,84555.07067,1827390010.1745017,0.008936694359062525,
2022-08-26 00:00:00+00:00,14,BTCUSDT,1d,21559.04,21886.77,20107.9,20241.05,273811.61955,2022-08-26 23:59:59.999000+00:00,5785149465.09769,7587244,135780.72507,2869440464.9916983,-0.061133983702428396,
2022-08-27 00:00:00+00:00,15,BTCUSDT,1d,20239.14,20402.93,19800.0,20037.6,162582.46032,2022-08-27 23:59:59.999000+00:00,3269764074.3564396,5263328,80922.99413,1627546028.5246556,-0.010051356031431258,
2022-08-28 00:00:00+00:00,16,BTCUSDT,1d,20037.6,20171.18,19520.0,19555.61,139307.95976,2022-08-28 23:59:59.999000+00:00,2781133881.0518456,4678693,69363.5072,1384969093.7702348,-0.024054277957439862,
2022-08-29 00:00:00+00:00,17,BTCUSDT,1d,19555.61,20433.62,19550.79,20285.73,210509.49545,2022-08-29 23:59:59.999000+00:00,4211334408.9865937,5840323,105809.86253,2116902111.20904,0.03733557787253883,
2022-08-30 00:00:00+00:00,18,BTCUSDT,1d,20287.2,20576.25,19540.0,19811.66,256634.35529,2022-08-30 23:59:59.999000+00:00,5157974826.609323,6593178,126919.07924,2551087936.8586006,-0.02336962978408963,
2022-08-31 00:00:00+00:00,19,BTCUSDT,1d,19813.03,20490.0,19797.94,20050.02,276946.60765,2022-08-31 23:59:59.999000+00:00,5595829094.391042,6389133,140474.46035,2838456435.8151093,0.012031298740236895,
2022-09-01 00:00:00+00:00,20,BTCUSDT,1d,20048.44,20208.37,19565.66,20131.46,245289.97263,2022-09-01 23:59:59.999000+00:00,4893158531.781241,5937975,121158.48629,2417157339.99022,0.004061841334821459,
2022-09-02 00:00:00+00:00,21,BTCUSDT,1d,20132.64,20441.26,19755.29,19951.86,245986.6033,2022-09-02 23:59:59.999000+00:00,4946889819.514837,5740705,122616.90745,2466027768.598654,-0.00892135990136822,
2022-09-03 00:00:00+00:00,22,BTCUSDT,1d,19950.98,20055.93,19652.72,19831.9,146639.03204,2022-09-03 23:59:59.999000+00:00,2908816275.0102863,3739909,72556.83777,1439326777.5857377,-0.006012472020152426,
2022-09-04 00:00:00+00:00,23,BTCUSDT,1d,19832.45,20029.23,19583.1,20000.3,145588.77893,2022-09-04 23:59:59.999000+00:00,2883227667.1961923,3838915,72789.26129,1441735599.5476143,0.00849136996455191,
2022-09-05 00:00:00+00:00,24,BTCUSDT,1d,20000.3,20057.27,19633.83,19796.84,222543.01057,2022-09-05 23:59:59.999000+00:00,4404971191.907025,4657233,110786.05423,2193009371.5191665,-0.010172847407288854,
2022-09-06 00:00:00+00:00,25,BTCUSDT,1d,19795.34,20180.0,18649.51,18790.61,356315.05718,2022-09-06 23:59:59.999000+00:00,6976809188.410191,7124384,175781.84468,3443135959.018857,-0.05082780888262972,
2022-09-07 00:00:00+00:00,26,BTCUSDT,1d,18790.61,19464.06,18510.77,19292.84,287394.7788,2022-09-07 23:59:59.999000+00:00,5436827909.201311,5597127,142700.96438,2700094090.5392246,0.026727711340930327,0.5992363243942717
2022-09-08 00:00:00+00:00,27,BTCUSDT,1d,19292.85,19458.25,19012.0,19319.77,262813.28273,2022-09-08 23:59:59.999000+00:00,5057217166.675081,6013826,131429.45873,2529247772.3438287,0.0013958546279344564,0.6006301706570011
2022-09-09 00:00:00+00:00,28,BTCUSDT,1d,19320.54,21597.22,19291.75,21360.11,428919.74652,2022-09-09 23:59:59.999000+00:00,8929831332.708796,7777214,217979.24137,4537141163.9901085,0.10560891770450676,0.6326926822890294
2022-09-10 00:00:00+00:00,29,BTCUSDT,1d,21361.62,21810.8,21111.13,21648.34,307997.33504,2022-09-10 23:59:59.999000+00:00,6589753118.84113,5615783,154171.04126,3298995539.4356637,0.013493844366906371,0.6322707466445836
2022-09-11 00:00:00+00:00,30,BTCUSDT,1d,21647.21,21860.0,21350.0,21826.87,280702.55149,2022-09-11 23:59:59.999000+00:00,6064643642.716231,4801844,141171.88117,3050253458.283562,0.008246821696259232,0.6290786954419827
2022-09-12 00:00:00+00:00,31,BTCUSDT,1d,21826.87,22488.0,21538.51,22395.74,395395.61828,2022-09-12 23:59:59.999000+00:00,8743762682.841719,6979539,199489.5406,4411479060.203694,0.02606282989727804,0.6366981151130107
2022-09-13 00:00:00+00:00,32,BTCUSDT,1d,22395.44,22799.0,19860.0,20173.57,431915.03333,2022-09-13 23:59:59.999000+00:00,9302239274.39612,8126869,217144.54247,4679543994.693207,-0.0992228879242214,0.7649079543414695
2022-09-14 00:00:00+00:00,33,BTCUSDT,1d,20173.62,20541.48,19617.62,20226.71,340826.40151,2022-09-14 23:59:59.999000+00:00,6886235196.646198,6313052,169670.53169,3428396493.969275,0.0026341396193136912,0.7648265257369794
2022-09-15 00:00:00+00:00,34,BTCUSDT,1d,20227.17,20330.24,19497.0,19701.88,333069.76076,2022-09-15 23:59:59.999000+00:00,6655264974.21376,6690974,165652.7291,3310217929.741116,-0.02594737354715615,0.7696640776756599
2022-09-16 00:00:00+00:00,35,BTCUSDT,1d,19701.88,19890.0,19320.01,19803.3,283791.07064,2022-09-16 23:59:59.999000+00:00,5584012914.113887,5120935,141085.20536,2776292772.190228,0.005147732094602064,0.7275460828046073
2022-09-17 00:00:00+00:00,36,BTCUSDT,1d,19803.3,20189.0,19748.08,20113.62,179350.24338,2022-09-17 23:59:59.999000+00:00,3578667842.695283,3862666,89621.58733,1788389852.300196,0.015670115586796207,0.7291873036072036
2022-09-18 00:00:00+00:00,37,BTCUSDT,1d,20112.61,20117.26,19335.62,19416.18,254217.46904,2022-09-18 23:59:59.999000+00:00,5033968947.530573,4634096,124480.59651,2465062845.967856,-0.03467501126102601,0.7371151736253464
2022-09-19 00:00:00+00:00,38,BTCUSDT,1d,19417.45,19686.2,18232.56,19537.02,380512.40306,2022-09-19 23:59:59.999000+00:00,7215196795.656052,6820580,189241.29071,3589311748.607395,0.006223675305853105,0.7198503540562626
2022-09-20 00:00:00+00:00,39,BTCUSDT,1d,19537.02,19634.62,18711.87,18875.0,324098.3286,2022-09-20 23:59:59.999000+00:00,6206043205.412278,5900070,160716.33038,3077612901.1468134,-0.03388541343562124,0.7270829280559324
2022-09-21 00:00:00+00:00,40,BTCUSDT,1d,18874.31,19956.0,18125.98,18461.36,385034.10021,2022-09-21 23:59:59.999000+00:00,7338667639.751955,6907777,190299.47143,3628361586.910153,-0.021914701986754936,0.729227499770896
2022-09-22 00:00:00+00:00,41,BTCUSDT,1d,18461.36,19550.17,18356.39,19401.63,379321.72111,2022-09-22 23:59:59.999000+00:00,7203741481.483637,6251862,190987.32145,3627123696.690569,0.050931784007245406,0.7631699640227549
2022-09-23 00:00:00+00:00,42,BTCUSDT,1d,19401.63,19500.0,18531.42,19289.91,385886.91829,2022-09-23 23:59:59.999000+00:00,7330336009.190998,5906265,194842.08772,3701394516.773616,-0.00575827907242854,0.7626843708025682
2022-09-24 00:00:00+00:00,43,BTCUSDT,1d,19288.57,19316.14,18805.34,18920.5,239496.56746,2022-09-24 23:59:59.999000+00:00,4568927983.6507845,3907636,120501.3057,2298979763.309452,-0.019150426310957425,0.766266692432908
2022-09-25 00:00:00+00:00,44,BTCUSDT,1d,18921.99,19180.21,18629.2,18807.38,191191.4492,2022-09-25 23:59:59.999000+00:00,3625136713.924704,3714450,94989.39646,1801229611.9768589,-0.005978700351470523,0.7652068279116179
2022-09-26 00:00:00+00:00,45,BTCUSDT,1d,18809.13,19318.96,18680.72,19227.82,439239.21943,2022-09-26 23:59:59.999000+00:00,8356951609.998723,5837041,220623.29914,4198006044.884225,0.022355054239346472,0.7709863507433897
2022-09-27 00:00:00+00:00,46,BTCUSDT,1d,19226.68,20385.86,18816.32,19079.13,593260.74161,2022-09-27 23:59:59.999000+00:00,11705770260.67216,8152473,296727.71059,5856646101.495988,-0.007733065942992945,0.7400760110460712
2022-09-28 00:00:00+00:00,47,BTCUSDT,1d,19078.1,19790.0,18471.28,19412.82,521385.45547,2022-09-28 23:59:59.999000+00:00,9964460007.304356,7357437,260944.38118,4988233394.322661,0.017489791201171112,0.7353020099602149
2022-09-29 00:00:00+00:00,48,BTCUSDT,1d,19412.82,19645.52,18843.01,19591.51,406424.93256,2022-09-29 23:59:59.999000+00:00,7868786414.856212,5631615,203187.57552,3934342925.087511,0.009204742020994416,0.7360990519433653
2022-09-30 00:00:00+00:00,49,BTCUSDT,1d,19590.54,20185.0,19155.36,19422.61,444322.9534,2022-09-30 23:59:59.999000+00:00,8694127253.576593,6254203,220029.84583,4304848630.332639,-0.008621081274490683,0.5779537128429109
2022-10-01 00:00:00+00:00,50,BTCUSDT,1d,19422.61,19484.0,19159.42,19310.95,165625.13959,2022-10-01 23:59:59.999000+00:00,3200350294.52687,2470590,82734.18388,1598688567.5865653,-0.005748969886127497,0.5728277962458307
2022-10-02 00:00:00+00:00,51,BTCUSDT,1d,19312.24,19395.91,18920.35,19056.8,206812.47032,2022-10-02 23:59:59.999000+00:00,3970724799.9558167,3320217,102972.16014,1977186000.1992047,-0.01316092683166814,0.5707527477834103
2022-10-03 00:00:00+00:00,52,BTCUSDT,1d,19057.74,19719.1,18959.68,19629.08,293585.75212,2022-10-03 23:59:59.999000+00:00,5672105805.772144,4471910,147383.93612,2847846726.2369485,0.03003022543134226,0.575044195180342
2022-10-04 00:00:00+00:00,53,BTCUSDT,1d,19629.08,20475.0,19490.6,20337.82,327012.00127,2022-10-04 23:59:59.999000+00:00,6533428229.851052,4871932,165646.2649,3309936012.948392,0.03610663362725086,0.4331279933427178
2022-10-05 00:00:00+00:00,54,BTCUSDT,1d,20337.82,20365.6,19730.0,20158.26,312239.75224,2022-10-05 23:59:59.999000+00:00,6275437160.958072,4540004,155249.45329,3120338866.3257556,-0.00882887153097045,0.4347930478023652
2022-10-06 00:00:00+00:00,55,BTCUSDT,1d,20158.26,20456.6,19853.0,19960.67,320122.1702,2022-10-06 23:59:59.999000+00:00,6452892402.324269,5085004,161557.89851,3256881316.716539,-0.00980193727037948,0.42217942483671655
2022-10-07 00:00:00+00:00,56,BTCUSDT,1d,19960.67,20068.82,19320.0,19530.09,220874.83913,2022-10-07 23:59:59.999000+00:00,4353681483.987034,4324772,109800.49576,2164491136.483128,-0.02157142019781888,0.43180438761870266
2022-10-08 00:00:00+00:00,57,BTCUSDT,1d,19530.09,19627.38,19237.14,19417.96,102480.09842,2022-10-08 23:59:59.999000+00:00,1995917001.7395988,2637385,50775.11492,988952773.2163393,-0.005741396993050318,0.4264372707370286
2022-10-09 00:00:00+00:00,58,BTCUSDT,1d,19416.52,19558.0,19316.04,19439.02,113900.82681,2022-10-09 23:59:59.999000+00:00,2215007204.237991,2833704,57166.25996,1111737800.1694417,0.0010845629510001231,0.4008674496135609
2022-10-10 00:00:00+00:00,59,BTCUSDT,1d,19439.96,19525.0,19020.25,19131.87,212509.09849,2022-10-10 23:59:59.999000+00:00,4101745483.129524,4432688,104849.40967,2023908022.7360184,-0.015800693656367493,0.4053817122989207
2022-10-11 00:00:00+00:00,60,BTCUSDT,1d,19131.87,19268.09,18860.0,19060.0,243473.84286,2022-10-11 23:59:59.999000+00:00,4642843395.600282,4792106,121218.68324,2311676809.242172,-0.003756559081783406,0.37909319269258335
2022-10-12 00:00:00+00:00,61,BTCUSDT,1d,19060.0,19238.31,18965.88,19155.53,213826.26731,2022-10-12 23:59:59.999000+00:00,4086903621.9265537,4556597,106608.7184,2037738508.1616397,0.005012067156348277,0.36624744386010033
2022-10-13 00:00:00+00:00,62,BTCUSDT,1d,19155.1,19513.79,18190.0,19375.13,399756.68337,2022-10-13 23:59:59.999000+00:00,7554309475.307985,7470896,199869.15895,3777964473.262912,0.011464052417239357,0.3010368005950213
2022-10-14 00:00:00+00:00,63,BTCUSDT,1d,19375.58,19951.87,19070.37,19176.93,351634.32601,2022-10-14 23:59:59.999000+00:00,6877621835.225796,6688310,175798.36758,3438783886.9118066,-0.010229608781979871,0.30318134652127865
2022-10-15 00:00:00+00:00,64,BTCUSDT,1d,19176.93,19227.68,18975.18,19069.39,113847.64232,2022-10-15 23:59:59.999000+00:00,2178316065.622199,3052219,56109.00376,1073637476.7688468,-0.005607779764540077,0.2927796927755462
2022-10-16 00:00:00+00:00,65,BTCUSDT,1d,19068.4,19425.84,19063.74,19262.98,131894.61885,2022-10-16 23:59:59.999000+00:00,2531545363.3077006,3438605,66536.80449,1277129233.6607454,0.010151871664484391,0.2940022359347032
2022-10-17 00:00:00+00:00,66,BTCUSDT,1d,19262.98,19676.96,19152.03,19549.86,222813.87634,2022-10-17 23:59:59.999000+00:00,4331666395.604673,5162979,111854.00525,2174642989.585405,0.01489281513036933,0.28575751743475825
2022-10-18 00:00:00+00:00,67,BTCUSDT,1d,19548.48,19706.66,19091.0,19327.44,260313.07848,2022-10-18 23:59:59.999000+00:00,5065944973.464348,5588482,129478.25628,2520037025.607416,-0.011377063569764756,0.2881596592220042
2022-10-19 00:00:00+00:00,68,BTCUSDT,1d,19327.44,19360.16,19065.97,19123.97,186137.29538,2022-10-19 23:59:59.999000+00:00,3575041318.449784,4545820,92346.11007,1773769908.8877597,-0.01052751942316199,0.28201705358195633
2022-10-20 00:00:00+00:00,69,BTCUSDT,1d,19123.35,19347.82,18900.0,19041.92,223530.13068,2022-10-20 23:59:59.999000+00:00,4276025723.9947824,5391090,110662.16001,2117089562.3644776,-0.004290427144573172,0.2790414870379736
2022-10-21 00:00:00+00:00,70,BTCUSDT,1d,19041.92,19250.0,18650.0,19164.37,269310.75769,2022-10-21 23:59:59.999000+00:00,5126619487.86902,5679281,133589.01923,2543268174.8886347,0.006430549020266962,0.2788443294839041
2022-10-22 00:00:00+00:00,71,BTCUSDT,1d,19164.37,19257.0,19112.72,19204.35,110403.90837,2022-10-22 23:59:59.999000+00:00,2117395641.1269212,2887106,54134.08243,1038228038.7109544,0.002086163020229792,0.2780836985370077
2022-10-23 00:00:00+00:00,72,BTCUSDT,1d,19204.29,19695.0,19070.11,19570.4,167057.20184,2022-10-23 23:59:59.999000+00:00,3233393909.200977,3939703,84465.80483,1635057403.3351152,0.019060785707404992,0.28300184502529174
2022-10-24 00:00:00+00:00,73,BTCUSDT,1d,19570.4,19601.15,19157.0,19329.72,256168.14467,2022-10-24 23:59:59.999000+00:00,4957159176.816838,5676899,126808.683,2453987281.1859627,-0.012298164575072601,0.2587526317029827
2022-10-25 00:00:00+00:00,74,BTCUSDT,1d,19330.6,20415.87,19237.0,20080.07,326370.67061,2022-10-25 23:59:59.999000+00:00,6454151276.520069,7214687,163350.80531,3230612090.8673344,0.03881846193323013,0.26592944578415806
2022-10-26 00:00:00+00:00,75,BTCUSDT,1d,20079.02,21020.0,20050.41,20771.59,380492.69576,2022-10-26 23:59:59.999000+00:00,7833551674.485679,8512349,190912.96434,3930265900.9481273,0.03443812695872084,0.3002127280780838
2022-10-27 00:00:00+00:00,76,BTCUSDT,1d,20771.61,20872.21,20200.0,20295.11,328643.57791,2022-10-27 23:59:59.999000+00:00,6771209922.011917,7748080,163139.47991,3361632657.413893,-0.022939023926430213,0.3139554944620776
2022-10-28 00:00:00+00:00,77,BTCUSDT,1d,20295.11,20750.0,20000.09,20591.84,287039.94569,2022-10-28 23:59:59.999000+00:00,5849603405.682575,6638096,143078.25276,2915977522.582497,0.014620763326732344,0.3026956999816616
2022-10-29 00:00:00+00:00,78,BTCUSDT,1d,20591.84,21085.0,20554.01,20809.67,254881.77755,2022-10-29 23:59:59.999000+00:00,5303038321.457483,6255599,127941.56356,2662029299.90964,0.010578462148112866,0.30209241876365733
2022-10-30 00:00:00+00:00,79,BTCUSDT,1d,20809.68,20931.21,20515.0,20627.48,192795.60886,2022-10-30 23:59:59.999000+00:00,3994389493.325891,4920007,96047.94574,1990076844.6331496,-0.008755064352293895,0.30623724040120714
2022-10-31 00:00:00+00:00,80,BTCUSDT,1d,20627.48,20845.92,20237.95,20490.74,303567.61628,2022-10-31 23:59:59.999000+00:00,6226304300.443864,6571526,151222.29645,3101777763.8604746,-0.006629021092251608,0.29827148042653867
2022-11-01 00:00:00+00:00,81,BTCUSDT,1d,20490.74,20700.0,20330.74,20483.62,279932.43771,2022-11-01 23:59:59.999000+00:00,5740102554.920829,5971938,139277.94706,2856018095.763569,-0.000347474029732564,0.29711763742578595
2022-11-02 00:00:00+00:00,82,BTCUSDT,1d,20482.81,20800.0,20048.04,20151.84,373716.27299,2022-11-02 23:59:59.999000+00:00,7633404092.430691,7431698,185785.97212,3795164791.221807,-0.01619733230747289,0.30816517418647377
2022-11-03 00:00:00+00:00,83,BTCUSDT,1d,20151.84,20393.32,20031.24,20207.82,319185.1544,2022-11-03 23:59:59.999000+00:00,6461673165.239642,6948227,159939.6187,3237968703.461187,0.0027779101064715483,0.3056924699235064
2022-11-04 00:00:00+00:00,84,BTCUSDT,1d,20207.12,21302.05,20180.96,21148.52,453694.39165,2022-11-04 23:59:59.999000+00:00,9409862204.986904,9249613,227403.70755,4716670352.08739,0.04655128559141963,0.35196183429750366
2022-11-05 00:00:00+00:00,85,BTCUSDT,1d,21148.52,21480.65,21080.65,21299.37,245621.98525,2022-11-05 23:59:59.999000+00:00,5240395528.908201,5570832,123030.36163,2624930077.1572924,0.007132886840308439,0.349062141205101
2022-11-06 00:00:00+00:00,86,BTCUSDT,1d,21299.37,21365.27,20886.13,20905.58,230036.97217,2022-11-06 23:59:59.999000+00:00,4877535058.4127035,5268210,114034.06693,2418047871.809807,-0.018488340265463088,0.3621776263828827
2022-11-07 00:00:00+00:00,87,BTCUSDT,1d,20905.58,21069.77,20384.89,20591.13,386977.60337,2022-11-07 23:59:59.999000+00:00,8035052131.593452,8344242,191603.32017,3978525724.8740206,-0.015041438697228293,0.3673221600483653
2022-11-08 00:00:00+00:00,88,BTCUSDT,1d,20590.67,20700.88,17166.83,18547.23,760705.362783,2022-11-08 23:59:59.999000+00:00,14758384309.854223,14530601,374775.574085,7271200924.070387,-0.09926118673428808,0.5604980637548443
2022-11-09 00:00:00+00:00,89,BTCUSDT,1d,18545.38,18587.76,15588.0,15922.81,731926.929729,2022-11-09 23:59:59.999000+00:00,12737719697.394009,13605474,358702.788996,6245795114.512092,-0.14149929666047167,0.8094951586410435
2022-11-10 00:00:00+00:00,90,BTCUSDT,1d,15922.68,18199.0,15754.26,17601.15,608448.36432,2022-11-10 23:59:59.999000+00:00,10323294543.880354,12719887,302898.84757,5141663571.356439,0.10540476209915228,0.9372167838874713
2022-11-11 00:00:00+00:00,91,BTCUSDT,1d,17602.45,17695.0,16361.6,17070.31,393552.86492,2022-11-11 23:59:59.999000+00:00,6725273822.837806,9900073,197414.69616,3374092512.561806,-0.03015939299420778,0.9432131899880128
2022-11-12 00:00:00+00:00,92,BTCUSDT,1d,17069.98,17119.1,16631.39,16812.08,167819.96035,2022-11-12 23:59:59.999000+00:00,2827930561.0063796,5046837,83267.92293,1403236127.923594,-0.015127434709738652,0.9438185403213208
2022-11-13 00:00:00+00:00,93,BTCUSDT,1d,16813.16,16954.28,16229.0,16329.85,184960.78846,2022-11-13 23:59:59.999000+00:00,3074280132.0535235,5382834,91914.44893,1527844645.634117,-0.028683541834204962,0.9424902649888363
2022-11-14 00:00:00+00:00,94,BTCUSDT,1d,16331.78,17190.0,15815.21,16619.46,380210.7775,2022-11-14 23:59:59.999000+00:00,6273920325.336827,9215128,189502.41248,3127495594.210764,0.017735006751439686,0.9479348604024695
2022-11-15 00:00:00+00:00,95,BTCUSDT,1d,16617.72,17134.69,16527.72,16900.57,282461.84391,2022-11-15 23:59:59.999000+00:00,4758545355.786832,7200265,141015.70658,2375750102.4183183,0.016914508654312543,0.9333396252035125
2022-11-16 00:00:00+00:00,96,BTCUSDT,1d,16900.57,17015.92,16378.61,16662.76,261493.40809,2022-11-16 23:59:59.999000+00:00,4362538338.565324,6297404,129644.72244,2162757428.721518,-0.014071123044962497,0.9157811336272513
2022-11-17 00:00:00+00:00,97,BTCUSDT,1d,16661.61,16751.0,16410.74,16692.56,228038.97873,2022-11-17 23:59:59.999000+00:00,3785204632.0142207,5352083,113347.39771,1881536908.0664897,0.0017884192054620218,0.9148664351047789
2022-11-18 00:00:00+00:00,98,BTCUSDT,1d,16692.56,17011.0,16546.04,16700.45,214224.18184,2022-11-18 23:59:59.999000+00:00,3588467560.373121,5114799,106366.35569,1781845353.094005,0.00047266566662029774,0.9103353449308551
2022-11-19 00:00:00+00:00,99,BTCUSDT,1d,16699.43,16822.41,16553.53,16700.68,104963.15558,2022-11-19 23:59:59.999000+00:00,1747627888.1295474,3142123,52397.34048,872445362.1257405,1.3772083985674755e-05,0.9072904164414282
2022-11-20 00:00:00+00:00,100,BTCUSDT,1d,16700.68,16753.33,16180.0,16280.23,154842.13478,2022-11-20 23:59:59.999000+00:00,2561165772.4957075,4557344,75959.10991,1256443330.0415068,-0.025175621591456254,0.9096872894985181
2022-11-21 00:00:00+00:00,101,BTCUSDT,1d,16279.5,16319.0,15476.0,15781.29,324096.997753,2022-11-21 23:59:59.999000+00:00,5188798317.004153,7440871,159995.4646,2561914108.924417,-0.03064698717401404,0.9135224688779429
2022-11-22 00:00:00+00:00,102,BTCUSDT,1d,15781.29,16315.0,15616.63,16226.94,239548.06623,2022-11-22 23:59:59.999000+00:00,3823612603.8030014,6276097,119384.47075,1905917090.2669597,0.028239136344367255,0.927408076180109
2022-11-23 00:00:00+00:00,103,BTCUSDT,1d,16227.96,16706.0,16160.2,16603.11,264927.70408,2022-11-23 23:59:59.999000+00:00,4368042618.50026,6260616,132804.37627,2189676204.366816,0.023181819862524877,0.9369886238751662
2022-11-24 00:00:00+00:00,104,BTCUSDT,1d,16603.11,16812.63,16458.05,16598.95,206565.92346,2022-11-24 23:59:59.999000+00:00,3431724405.654768,5031851,103203.3193,1714660566.877812,-0.00025055546822250196,0.9364379410509633
2022-11-25 00:00:00+00:00,105,BTCUSDT,1d,16599.55,16666.0,16342.81,16522.14,182089.49533,2022-11-25 23:59:59.999000+00:00,3003553172.229472,4396465,90187.55597,1487718711.084076,-0.004627401130794517,0.9056897704728357
2022-11-26 00:00:00+00:00,106,BTCUSDT,1d,16521.35,16701.99,16385.0,16458.57,181804.81666,2022-11-26 23:59:59.999000+00:00,3011990387.647429,3817130,89646.23245,1485219997.2638843,-0.0038475645406708114,0.9029236328774801
2022-11-27 00:00:00+00:00,107,BTCUSDT,1d,16457.61,16600.0,16401.0,16428.78,162025.47607,2022-11-27 23:59:59.999000+00:00,2679048565.5213013,3362221,80097.04098,1324406073.6694643,-0.0018099992891241756,0.9031107556432879
2022-11-28 00:00:00+00:00,108,BTCUSDT,1d,16428.77,16487.04,15995.27,16212.91,252695.40367,2022-11-28 23:59:59.999000+00:00,4096398587.3573136,5570407,125766.80639,2038825206.5401728,-0.013139746225830473,0.9029636110912044
2022-11-29 00:00:00+00:00,109,BTCUSDT,1d,16212.18,16548.71,16100.0,16442.53,248106.25009,2022-11-29 23:59:59.999000+00:00,4072651066.9994063,5206638,123715.14039,2030827592.4923496,0.014162787556336154,0.8187228224348274
2022-11-30 00:00:00+00:00,110,BTCUSDT,1d,16442.91,17249.0,16428.3,17163.64,303019.80719,2022-11-30 23:59:59.999000+00:00,5123595199.505285,6519330,151764.57285,2566042182.996361,0.0438563894972368,0.585429762388558
2022-12-01 00:00:00+00:00,111,BTCUSDT,1d,17165.53,17324.0,16855.01,16977.37,232818.18218,2022-12-01 23:59:59.999000+00:00,3972607179.868572,5097720,116018.88867,1979692808.0070596,-0.010852593039704872,0.3839155603659804
2022-12-02 00:00:00+00:00,112,BTCUSDT,1d,16978.0,17105.73,16787.85,17092.74,202372.2062,2022-12-02 23:59:59.999000+00:00,3432385161.660257,4305515,99556.14105,1688510144.191262,0.0067955166200655,0.36401134356961634
2022-12-03 00:00:00+00:00,113,BTCUSDT,1d,17092.13,17188.98,16858.74,16885.2,154542.57306,2022-12-03 23:59:59.999000+00:00,2622504252.8664527,3308694,76214.56604,1293351463.160912,-0.01214199712860553,0.3619187615685615
2022-12-04 00:00:00+00:00,114,BTCUSDT,1d,16885.2,17202.84,16878.25,17105.7,178619.13387,2022-12-04 23:59:59.999000+00:00,3040020095.0511775,3948990,89359.35165,1520945572.0768335,0.013058773363655796,0.34204376986341395
2022-12-05 00:00:00+00:00,115,BTCUSDT,1d,17106.65,17424.25,16867.0,16966.35,233703.29225,2022-12-05 23:59:59.999000+00:00,4015334796.6037207,5138207,115508.19916,1984551471.316408,-0.00814640733790506,0.33781130833051864
2022-12-06 00:00:00+00:00,116,BTCUSDT,1d,16966.35,17107.01,16906.37,17088.96,218730.76883,2022-12-06 23:59:59.999000+00:00,3717926010.340586,4416864,108449.54144,1843473774.586164,0.007226657471996134,0.33191413258910835
2022-12-07 00:00:00+00:00,117,BTCUSDT,1d,17088.96,17142.21,16678.83,16836.64,220657.41334,2022-12-07 23:59:59.999000+00:00,3723206794.305466,4284989,107803.05198,1819002376.492869,-0.014765088103664614,0.332488751205214
2022-12-08 00:00:00+00:00,118,BTCUSDT,1d,16836.64,17299.0,16733.49,17224.1,236417.97804,2022-12-08 23:59:59.999000+00:00,4009427525.030412,4520282,117238.75694,1988377121.4173508,0.023012905187733468,0.34535483940102274
2022-12-09 00:00:00+00:00,119,BTCUSDT,1d,17224.1,17360.0,17058.21,17128.56,238422.06465,2022-12-09 23:59:59.999000+00:00,4097973425.6973534,4282003,118031.91364,2028743141.4068208,-0.005546879082216072,0.34663826638526285
2022-12-10 00:00:00+00:00,120,BTCUSDT,1d,17128.56,17227.72,17092.0,17127.49,140573.97937,2022-12-10 23:59:59.999000+00:00,2411933258.8486,3032257,70355.34064,1207126756.2174747,-6.246876561721848e-05,0.34664382284319484
2022-12-11 00:00:00+00:00,121,BTCUSDT,1d,17127.49,17270.99,17071.0,17085.05,155286.47871,2022-12-11 23:59:59.999000+00:00,2663686104.0825615,3260722,77740.37478,1333501724.91499,-0.0024778878866665854,0.32731336622412216
2022-12-12 00:00:00+00:00,122,BTCUSDT,1d,17085.05,17241.89,16871.85,17209.83,226227.49694,2022-12-12 23:59:59.999000+00:00,3844787581.481925,4463916,112286.94413,1908405023.8763015,0.0073034612131659404,0.293830456893654
2022-12-13 00:00:00+00:00,123,BTCUSDT,1d,17208.93,18000.0,17080.14,17774.7,284462.9139,2022-12-13 23:59:59.999000+00:00,4983896040.378995,6242080,143922.84935,2521692886.9668703,0.03282252061757718,0.30118987336375325
2022-12-14 00:00:00+00:00,124,BTCUSDT,1d,17775.82,18387.95,17660.94,17803.15,266681.22209,2022-12-14 23:59:59.999000+00:00,4779915721.484458,5743730,133308.11239,2389606669.9635315,0.0016005896020749866,0.2899422584171518
2022-12-15 00:00:00+00:00,125,BTCUSDT,1d,17804.01,17854.82,17275.51,17356.34,223701.96882,2022-12-15 23:59:59.999000+00:00,3923378677.833748,4789226,110193.63642,1932609296.7091348,-0.025097244027040277,0.3132742932067638
2022-12-16 00:00:00+00:00,126,BTCUSDT,1d,17356.96,17531.73,16527.32,16632.12,253379.04116,2022-12-16 23:59:59.999000+00:00,4308933187.65654,5703001,123374.83424,2098188985.0070968,-0.041726539120575,0.3624646144077447
2022-12-17 00:00:00+00:00,127,BTCUSDT,1d,16631.5,16796.82,16579.85,16776.52,144825.66684,2022-12-17 23:59:59.999000+00:00,2417851422.2131248,3905843,72289.66495,1206885683.569382,0.008681996041394635,0.36349270703133585
2022-12-18 00:00:00+00:00,128,BTCUSDT,1d,16777.54,16863.26,16663.07,16738.21,112619.31646,2022-12-18 23:59:59.999000+00:00,1884666030.099238,3369193,55539.12922,929480021.401935,-0.0022835486739801736,0.36356685711643405
2022-12-19 00:00:00+00:00,129,BTCUSDT,1d,16739.0,16815.99,16256.3,16438.88,179094.28305,2022-12-19 23:59:59.999000+00:00,2981094033.013813,4681887,87610.2351,1458309480.7452483,-0.017883035282745152,0.3674649473796554
2022-12-20 00:00:00+00:00,130,BTCUSDT,1d,16438.88,17061.27,16397.2,16895.56,248808.92324,2022-12-20 23:59:59.999000+00:00,4176995653.545711,5945803,124217.3859,2085423621.7423255,0.027780481395326184,0.3806285475848038
2022-12-21 00:00:00+00:00,131,BTCUSDT,1d,16896.15,16925.0,16723.0,16824.67,156810.96362,2022-12-21 23:59:59.999000+00:00,2638528723.736041,4375570,77675.35979,1307019850.0606217,-0.004195776878659463,0.332705708228939
2022-12-22 00:00:00+00:00,132,BTCUSDT,1d,16824.68,16868.52,16559.85,16821.43,176044.27235,2022-12-22 23:59:59.999000+00:00,2949612072.0493026,4678640,87573.90221,1467281598.7190852,-0.0001925743565845961,0.3297857016752276
2022-12-23 00:00:00+00:00,133,BTCUSDT,1d,16821.9,16955.14,16731.13,16778.5,161612.00947,2022-12-23 23:59:59.999000+00:00,2720021933.978926,4561020,81034.18553,1363871435.6135492,-0.0025521016940890373,0.32841657491216747
2022-12-24 00:00:00+00:00,134,BTCUSDT,1d,16778.52,16869.99,16776.62,16836.12,100224.29096,2022-12-24 23:59:59.999000+00:00,1686757294.9926343,3076985,49578.22304,834395051.2711908,0.003434156807819555,0.3249510367769254
2022-12-25 00:00:00+00:00,135,BTCUSDT,1d,16835.73,16857.96,16721.0,16832.11,125441.07202,2022-12-25 23:59:59.999000+00:00,2108857873.1916704,3570157,62073.54114,1043560797.0693524,-0.00023817839264617113,0.3198877461182385
2022-12-26 00:00:00+00:00,136,BTCUSDT,1d,16832.11,16944.52,16791.0,16919.39,124564.00656,2022-12-26 23:59:59.999000+00:00,2099037538.631794,3915571,61741.18011,1040420821.2262526,0.005185327329728651,0.3190008886493506
2022-12-27 00:00:00+00:00,137,BTCUSDT,1d,16919.39,16972.83,16592.37,16706.36,173749.58616,2022-12-27 23:59:59.999000+00:00,2918379509.5314097,5047628,86096.58586,1446098274.5653381,-0.012590879458420079,0.32149846403126625
2022-12-28 00:00:00+00:00,138,BTCUSDT,1d,16706.06,16785.19,16465.33,16547.31,193037.56577,2022-12-28 23:59:59.999000+00:00,3210894236.8123903,5465468,96118.18717,1598767893.1727967,-0.00952032639066791,0.3181088539055515
2022-12-29 00:00:00+00:00,139,BTCUSDT,1d,16547.32,16664.41,16488.91,16633.47,160998.47158,2022-12-29 23:59:59.999000+00:00,2671665748.0816226,4553877,80977.62443,1343799862.9950268,0.00520688861210683,0.3021543171793588
2022-12-30 00:00:00+00:00,140,BTCUSDT,1d,16633.47,16677.35,16333.0,16607.48,164916.31174,2022-12-30 23:59:59.999000+00:00,2726831056.725026,4310415,82170.4749,1358631100.7592444,-0.0015625122118235746,0.30164635315653743
2022-12-31 00:00:00+00:00,141,BTCUSDT,1d,16607.48,16644.09,16470.0,16542.4,114490.42864,2022-12-31 23:59:59.999000+00:00,1897047504.9188972,3344374,57021.06919,944834393.3413354,-0.003918716144773238,0.30177416405962965
2023-01-01 00:00:00+00:00,142,BTCUSDT,1d,16541.77,16628.0,16499.01,16616.75,96925.41374,2023-01-01 23:59:59.999000+00:00,1604793789.6772127,3218355,48548.78168,803841673.8350587,0.004494511074571994,0.302774697199138
2023-01-02 00:00:00+00:00,143,BTCUSDT,1d,16617.17,16799.23,16548.7,16672.87,121888.57191,2023-01-02 23:59:59.999000+00:00,2034683215.2678783,4036118,60925.25948,1017074780.6918064,0.003377315058600505,0.3012001059355028
2023-01-03 00:00:00+00:00,144,BTCUSDT,1d,16672.78,16778.4,16605.28,16675.18,159541.53733,2023-01-03 23:59:59.999000+00:00,2662765916.3256683,5097596,79595.76246,1328471402.7136745,0.0001385484322735664,0.2616771493038216
2023-01-04 00:00:00+00:00,145,BTCUSDT,1d,16675.65,16991.87,16652.66,16850.36,220362.18862,2023-01-04 23:59:59.999000+00:00,3709833209.8453646,6310703,109747.11502,1847617011.3853767,0.01050543382440261,0.267078397739971
2023-01-05 00:00:00+00:00,146,BTCUSDT,1d,16850.36,16879.82,16753.0,16831.85,163473.56641,2023-01-05 23:59:59.999000+00:00,2751080253.8177333,4842014,80959.57162,1362471754.0532992,-0.0010984928511914571,0.24812527992019603
2023-01-06 00:00:00+00:00,147,BTCUSDT,1d,16831.85,17041.0,16679.0,16950.65,207401.28415,2023-01-06 23:59:59.999000+00:00,3490305009.6881223,5388661,103320.22965,1738828235.2023003,0.007058047689350921,0.17631587138832863
2023-01-07 00:00:00+00:00,148,BTCUSDT,1d,16950.31,16981.91,16908.0,16943.57,104526.5688,2023-01-07 23:59:59.999000+00:00,1770201710.2089734,3227161,51624.83107,874295207.6365123,-0.00041768309769840695,0.17307933863426356
2023-01-08 00:00:00+00:00,149,BTCUSDT,1d,16943.83,17176.99,16911.0,17127.83,135155.89695,2023-01-08 23:59:59.999000+00:00,2291925699.958545,4036092,67200.6025,1139647002.7608511,0.010874921873017529,0.17783083284109796
2023-01-09 00:00:00+00:00,150,BTCUSDT,1d,17127.83,17398.8,17104.66,17178.26,266211.52723,2023-01-09 23:59:59.999000+00:00,4590284350.546168,6327667,131748.52517,2271681164.7993326,0.0029443309514396443,0.15717502571612155
2023-01-10 00:00:00+00:00,151,BTCUSDT,1d,17179.04,17499.0,17146.34,17440.66,221382.42581,2023-01-10 23:59:59.999000+00:00,3829247653.731105,5448751,109377.45606,1891995855.287608,0.015275120995956515,0.12535416192876245
2023-01-11 00:00:00+00:00,152,BTCUSDT,1d,17440.64,18000.0,17315.6,17943.26,262221.60653,2023-01-11 23:59:59.999000+00:00,4586965947.26355,5627464,129944.5693,2273368097.029264,0.02881771676071887,0.16659246088778654
2023-01-12 00:00:00+00:00,153,BTCUSDT,1d,17943.26,19117.04,17892.05,18846.62,454568.32178,2023-01-12 23:59:59.999000+00:00,8348431207.846009,8911373,227295.33172,4174813798.3828607,0.05034536644957499,0.257023807865048
2023-01-13 00:00:00+00:00,154,BTCUSDT,1d,18846.62,20000.0,18714.12,19930.01,368615.87823,2023-01-13 23:59:59.999000+00:00,7061633461.444735,8021774,183448.89377,3515300890.305057,0.05748457813655716,0.33322260615417215
2023-01-14 00:00:00+00:00,155,BTCUSDT,1d,19930.01,21258.0,19888.05,20954.92,393913.74951,2023-01-14 23:59:59.999000+00:00,8183071567.046188,8659545,197817.55209,4109568162.17042,0.0514254634092004,0.3773862202234538
2023-01-15 00:00:00+00:00,156,BTCUSDT,1d,20952.76,21050.74,20551.01,20871.5,178542.22549,2023-01-15 23:59:59.999000+00:00,3710526606.1389647,5194354,88310.83908,1835436631.7038703,-0.003980926674976515,0.37967375694234695
2023-01-16 00:00:00+00:00,157,BTCUSDT,1d,20872.99,21474.05,20611.48,21185.65,293078.08262,2023-01-16 23:59:59.999000+00:00,6168654053.042638,6856434,145352.66942,3059597458.3853526,0.0150516254222266,0.3793916053434609
2023-01-17 00:00:00+00:00,158,BTCUSDT,1d,21185.65,21647.45,20841.31,21134.81,275407.74409,2023-01-17 23:59:59.999000+00:00,5840585769.490093,6440138,137121.64311,2908227174.2490306,-0.0023997375582056613,0.37011783191859315
2023-01-18 00:00:00+00:00,159,BTCUSDT,1d,21132.29,21650.0,20407.15,20677.47,350916.01949,2023-01-18 23:59:59.999000+00:00,7399719195.246726,7617173,173174.4169,3652037808.316215,-0.02163918199406567,0.38575708384283414
2023-01-19 00:00:00+00:00,160,BTCUSDT,1d,20677.47,21192.0,20659.19,21071.59,251385.84925,2023-01-19 23:59:59.999000+00:00,5243024330.011201,5819932,124924.23436,2605629874.089028,0.019060358931726196,0.3863775543832983
2023-01-20 00:00:00+00:00,161,BTCUSDT,1d,21071.59,22755.93,20861.28,22667.21,338079.13659,2023-01-20 23:59:59.999000+00:00,7256172889.710531,7382435,170200.04869,3654038898.270929,0.07572375886205074,0.46498723786868285
2023-01-21 00:00:00+00:00,162,BTCUSDT,1d,22666.0,23371.8,22422.0,22783.55,346445.48432,2023-01-21 23:59:59.999000+00:00,7938935168.532013,7796520,172663.17131,3956916674.402963,0.0051325240292035,0.4596977606001623
2023-01-22 00:00:00+00:00,163,BTCUSDT,1d,22783.35,23078.71,22292.37,22707.88,253577.75286,2023-01-22 23:59:59.999000+00:00,5775552321.54412,6603827,125842.91663,2866409820.7225704,-0.003321255906125198,0.46428405487319946
2023-01-23 00:00:00+00:00,164,BTCUSDT,1d,22706.02,23180.0,22500.0,22916.45,293588.37938,2023-01-23 23:59:59.999000+00:00,6704191295.97568,7258655,145854.70936,3330927704.4836106,0.009184917306239049,0.4621991802994955
2023-01-24 00:00:00+00:00,165,BTCUSDT,1d,22917.81,23162.2,22462.93,22632.89,293158.78254,2023-01-24 23:59:59.999000+00:00,6721432962.573842,7395584,144239.84356,3307407342.13858,-0.012373644259909389,0.47263001045428904
2023-01-25 00:00:00+00:00,166,BTCUSDT,1d,22631.94,23816.73,22300.0,23060.94,346042.83223,2023-01-25 23:59:59.999000+00:00,7875590359.115837,8060446,172647.90115,3929821773.965117,0.01891274158978362,0.47249138458345497
2023-01-26 00:00:00+00:00,167,BTCUSDT,1d,23060.42,23282.47,22850.01,23009.65,288924.43581,2023-01-26 23:59:59.999000+00:00,6664592468.337928,7181086,143185.08341,3303064271.0511746,-0.002224107083232396,0.473228643488576
2023-01-27 00:00:00+00:00,168,BTCUSDT,1d,23009.65,23500.0,22534.88,23074.16,280833.86315,2023-01-27 23:59:59.999000+00:00,6461707755.053915,7079096,139699.27638,3214623770.84504,0.0028036063130034705,0.47490748406234123
2023-01-28 00:00:00+00:00,169,BTCUSDT,1d,23074.16,23189.0,22878.46,23022.6,148115.71085,2023-01-28 23:59:59.999000+00:00,3408985411.316586,4181816,73861.83566,1700057503.749539,-0.0022345342148967218,0.4760485515927573
2023-01-29 00:00:00+00:00,170,BTCUSDT,1d,23021.4,23960.54,22967.76,23742.3,295688.79204,2023-01-29 23:59:59.999000+00:00,6941922954.136406,7030837,149507.5061,3510026672.7997174,0.03126058742279336,0.48039647743641606
2023-01-30 00:00:00+00:00,171,BTCUSDT,1d,23743.37,23800.51,22500.0,22826.15,302405.90121,2023-01-30 23:59:59.999000+00:00,7020727239.059652,7790224,149096.53066,3461492907.1726055,-0.03858724723383988,0.5296202666367701
2023-01-31 00:00:00+00:00,172,BTCUSDT,1d,22827.38,23320.0,22714.77,23125.13,264649.34909,2023-01-31 23:59:59.999000+00:00,6083858924.538485,6798411,133028.12717,3058369006.2406993,0.01309813525276926,0.5296013695826591
2023-02-01 00:00:00+00:00,173,BTCUSDT,1d,23125.13,23812.66,22760.23,23732.66,310790.42271,2023-02-01 23:59:59.999000+00:00,7212542002.325099,7863213,156107.58478,3623730152.719127,0.026271419879585478,0.5283959331609159
2023-02-02 00:00:00+00:00,174,BTCUSDT,1d,23731.41,24255.0,23363.27,23488.94,364177.20751,2023-02-02 23:59:59.999000+00:00,8673696845.80511,9102300,181814.20318,4330715913.906593,-0.010269392474337113,0.5119797062556966
2023-02-03 00:00:00+00:00,175,BTCUSDT,1d,23489.33,23715.7,23204.62,23431.9,332571.02904,2023-02-03 23:59:59.999000+00:00,7806490899.914181,8007846,166143.33246,3900042090.5163646,-0.002428376929737852,0.47179108338542075
2023-02-04 00:00:00+00:00,176,BTCUSDT,1d,23431.9,23587.78,23253.96,23326.84,166126.47295,2023-02-04 23:59:59.999000+00:00,3886777607.7960505,4852404,81863.93145,1915443497.6889515,-0.004483631288969336,0.4339867160970228
2023-02-05 00:00:00+00:00,177,BTCUSDT,1d,23327.66,23433.33,22743.0,22932.91,209251.33917,2023-02-05 23:59:59.999000+00:00,4842463016.833934,5903916,103885.22312,2404286621.1203337,-0.016887413811729313,0.4423121950642798
2023-02-06 00:00:00+00:00,178,BTCUSDT,1d,22932.91,23158.25,22628.13,22762.52,265371.6069,2023-02-06 23:59:59.999000+00:00,6076050768.117039,6956395,132350.52989,3030470974.62453,-0.007429933663019583,0.44268231173122513
2023-02-07 00:00:00+00:00,179,BTCUSDT,1d,22762.52,23350.25,22745.78,23240.46,308006.72482,2023-02-07 23:59:59.999000+00:00,7085929136.45685,8293878,154613.24744,3557209786.515369,0.020996796488262248,0.4475427122965504
2023-02-08 00:00:00+00:00,180,BTCUSDT,1d,23242.42,23452.0,22665.85,22963.0,280056.30717,2023-02-08 23:59:59.999000+00:00,6457585647.820655,7896433,138627.72636,3196783919.630122,-0.011938662143520351,0.4388310353328206
2023-02-09 00:00:00+00:00,181,BTCUSDT,1d,22961.85,23011.39,21688.0,21796.35,402894.6955,2023-02-09 23:59:59.999000+00:00,9052973327.19716,9784291,199309.68374,4478800426.302857,-0.05080564386186481,0.4921358511133996
2023-02-10 00:00:00+00:00,182,BTCUSDT,1d,21797.83,21938.16,21451.0,21625.19,338591.94247,2023-02-10 23:59:59.999000+00:00,7369456394.906654,6993675,167419.66937,3644087094.706669,-0.007852690932197315,0.3721215026397373
2023-02-11 00:00:00+00:00,183,BTCUSDT,1d,21625.19,21906.32,21599.78,21862.55,177021.58433,2023-02-11 23:59:59.999000+00:00,3842000897.79758,4207940,87937.9597,1908638569.77981,0.01097608853378862,0.3749682165879382
2023-02-12 00:00:00+00:00,184,BTCUSDT,1d,21862.02,22090.0,21630.0,21783.54,204435.65163,2023-02-12 23:59:59.999000+00:00,4469822441.4372015,4561903,101194.34699,2212545781.0931144,-0.0036139425638820333,0.37499218929004113
2023-02-13 00:00:00+00:00,185,BTCUSDT,1d,21782.37,21894.99,21351.07,21773.97,295730.76791,2023-02-13 23:59:59.999000+00:00,6404813758.2696295,6503611,147221.38569,3188732830.1994424,-0.0004393225343538587,0.37198543600623185
2023-02-14 00:00:00+00:00,186,BTCUSDT,1d,21774.63,22319.08,21532.77,22199.84,361958.40109,2023-02-14 23:59:59.999000+00:00,7938385476.792083,7695927,182006.71562,3991901041.9023833,0.01955867487646934,0.379863921441078
2023-02-15 00:00:00+00:00,187,BTCUSDT,1d,22199.84,24380.0,22047.28,24324.05,375669.16111,2023-02-15 23:59:59.999000+00:00,8604133693.663172,8335550,190798.1552,4372346767.103614,0.09568582476270104,0.5493480315201728
2023-02-16 00:00:00+00:00,188,BTCUSDT,1d,24322.87,25250.0,23505.25,23517.72,450080.68366,2023-02-16 23:59:59.999000+00:00,11074988148.779009,11006793,224396.77566,5522891581.325578,-0.033149496074872276,0.5694031265173055
2023-02-17 00:00:00+00:00,189,BTCUSDT,1d,23517.72,25021.11,23339.37,24569.97,496813.21376,2023-02-17 23:59:59.999000+00:00,11968532252.057327,10895009,249087.94774,6001870488.345367,0.04474285772600406,0.5973754896049159
2023-02-18 00:00:00+00:00,190,BTCUSDT,1d,24568.24,24877.0,24430.0,24631.95,216917.25213,2023-02-18 23:59:59.999000+00:00,5339920389.516133,6296097,107467.08761,2645647445.819601,0.002522591602675872,0.5968782204233063
2023-02-19 00:00:00+00:00,191,BTCUSDT,1d,24632.05,25192.0,24192.57,24271.76,300395.99542,2023-02-19 23:59:59.999000+00:00,7408745406.624342,7660484,149680.28058,3692030229.980345,-0.014622878010064233,0.5887791573114942
2023-02-20 00:00:00+00:00,192,BTCUSDT,1d,24272.51,25121.23,23840.83,24842.2,346938.56997,2023-02-20 23:59:59.999000+00:00,8561226688.07291,9808728,174453.04334,4305469238.849921,0.02350220997570851,0.5681854856406177
2023-02-21 00:00:00+00:00,193,BTCUSDT,1d,24843.89,25250.0,24148.34,24452.16,376000.82868,2023-02-21 23:59:59.999000+00:00,9280992344.428871,10712371,187029.49757,4617218785.187702,-0.01570070283630276,0.5728513304714484
2023-02-22 00:00:00+00:00,194,BTCUSDT,1d,24450.67,24476.05,23574.69,24182.21,379425.75365,2023-02-22 23:59:59.999000+00:00,9101745945.990707,11395957,188203.74268,4515001623.435452,-0.011039924489288477,0.5663645323186254
2023-02-23 00:00:00+00:00,195,BTCUSDT,1d,24182.21,24599.59,23608.0,23940.2,398400.45437,2023-02-23 23:59:59.999000+00:00,9596083721.512953,11396877,198080.68369,4771375630.511308,-0.01000777017485166,0.5662680319883439
2023-02-24 00:00:00+00:00,196,BTCUSDT,1d,23940.2,24132.35,22841.19,23185.29,343582.57453,2023-02-24 23:59:59.999000+00:00,8087524100.39044,11531424,170263.13353,4008150118.2168,-0.031533153440656325,0.5825442694559997
2023-02-25 00:00:00+00:00,197,BTCUSDT,1d,23184.04,23219.13,22722.0,23157.07,191311.8101,2023-02-25 23:59:59.999000+00:00,4406286300.272117,9124568,94440.13964,2175283940.9041314,-0.0012171510470647684,0.5822519569804467
2023-02-26 00:00:00+00:00,198,BTCUSDT,1d,23157.07,23689.99,23059.18,23554.85,202323.73623,2023-02-26 23:59:59.999000+00:00,4716158181.22559,9506015,101003.39278,2354572412.6900682,0.017177475388725716,0.5814514703227848
2023-02-27 00:00:00+00:00,199,BTCUSDT,1d,23554.85,23897.99,23106.77,23492.09,283706.0859,2023-02-27 23:59:59.999000+00:00,6659785788.329373,11754195,141360.04845,3318353869.99525,-0.002664419429544207,0.5804235886410649
2023-02-28 00:00:00+00:00,200,BTCUSDT,1d,23492.09,23600.0,23020.97,23141.57,264140.99894,2023-02-28 23:59:59.999000+00:00,6172930936.037335,9568743,131200.82704,3066249880.6703186,-0.014920766947512987,0.5782047479860246
2023-03-01 00:00:00+00:00,201,BTCUSDT,1d,23141.57,24000.0,23020.03,23628.97,315287.41737,2023-03-01 23:59:59.999000+00:00,7441571085.495408,9390487,157961.92667,3728256787.1100945,0.021061665219775483,0.5818947165154263
2023-03-02 00:00:00+00:00,202,BTCUSDT,1d,23629.76,23796.93,23195.9,23465.32,239315.45219,2023-03-02 23:59:59.999000+00:00,5603770010.239548,7435815,119522.00584,2798797976.70041,-0.00692582029601807,0.5364925202341564
2023-03-03 00:00:00+00:00,203,BTCUSDT,1d,23465.32,23476.95,21971.13,22354.34,319954.19785,2023-03-03 23:59:59.999000+00:00,7167184765.7436495,8214639,156827.31366,3512245357.1861916,-0.04734561471993559,0.5760640506669878
2023-03-04 00:00:00+00:00,204,BTCUSDT,1d,22354.34,22410.0,22157.08,22346.57,121257.38132,2023-03-04 23:59:59.999000+00:00,2706422995.680256,4169260,60043.33153,1340204531.15407,-0.0003475835117475734,0.5747777335909916
2023-03-05 00:00:00+00:00,205,BTCUSDT,1d,22346.57,22662.09,22189.22,22430.24,154841.75786,2023-03-05 23:59:59.999000+00:00,3473011455.187952,4835978,77394.35765,1735989090.899561,0.00374419877412957,0.5744101013422814
2023-03-06 00:00:00+00:00,206,BTCUSDT,1d,22430.24,22602.19,22258.0,22410.0,203751.82957,2023-03-06 23:59:59.999000+00:00,4569102169.18569,6471278,102110.26304,2289889200.1667166,-0.0009023532516817534,0.5744464839821447
2023-03-07 00:00:00+00:00,207,BTCUSDT,1d,22409.41,22557.91,21927.0,22197.96,292519.80912,2023-03-07 23:59:59.999000+00:00,6517594938.246053,7813394,145498.64219,3242136502.6546726,-0.009461847389558242,0.5707948781298486
2023-03-08 00:00:00+00:00,208,BTCUSDT,1d,22198.56,22287.0,21580.0,21705.44,301460.57272,2023-03-08 23:59:59.999000+00:00,6641171704.242421,8018963,150008.02488,3304860256.104994,-0.022187624448372745,0.3967176215527991
2023-03-09 00:00:00+00:00,209,BTCUSDT,1d,21704.37,21834.99,20042.72,20362.22,443658.28584,2023-03-09 23:59:59.999000+00:00,9403028764.707773,10076702,217900.59621,4619803522.043237,-0.06188402538718396,0.44838128445088216
2023-03-10 00:00:00+00:00,210,BTCUSDT,1d,20362.21,20367.78,19549.09,20150.69,618456.4671,2023-03-10 23:59:59.999000+00:00,12344992788.912497,12106261,308155.80993,6151475123.535514,-0.010388356475865668,0.38809034523847563
2023-03-11 00:00:00+00:00,211,BTCUSDT,1d,20150.69,20686.51,19765.03,20455.73,427831.82133,2023-03-11 23:59:59.999000+00:00,8651590672.468525,10412300,213151.47855,4310534195.909292,0.015137943167206735,0.39846801321347736
2023-03-12 00:00:00+00:00,212,BTCUSDT,1d,20455.73,22150.0,20270.6,21997.11,430944.94288,2023-03-12 23:59:59.999000+00:00,8982418413.80114,9721933,218639.0688,4558127964.925805,0.07535199183798391,0.5288598464355322
2023-03-13 00:00:00+00:00,213,BTCUSDT,1d,21998.05,24500.0,21813.88,24113.48,687889.31259,2023-03-13 23:59:59.999000+00:00,15824996078.605639,14820760,346688.17025,7976620081.706098,0.09621127502658289,0.6673788838324358
2023-03-14 00:00:00+00:00,214,BTCUSDT,1d,24112.27,26386.87,23976.42,24670.41,699360.93423,2023-03-14 23:59:59.999000+00:00,17465307097.88407,15223589,351739.11994,8783916247.676138,0.023096210086640312,0.6712123349329787
2023-03-15 00:00:00+00:00,215,BTCUSDT,1d,24670.41,25196.97,23896.95,24285.66,581450.72984,2023-03-15 23:59:59.999000+00:00,14291005743.897852,12613034,291192.86696,7157472156.962334,-0.01559560623435119,0.6729698305437128
2023-03-16 00:00:00+00:00,216,BTCUSDT,1d,24285.66,25167.4,24123.0,24998.78,439421.32998,2023-03-16 23:59:59.999000+00:00,10847330151.941004,10418081,220403.30289,5441432259.260846,0.02936383034267953,0.6814154520712116
2023-03-17 00:00:00+00:00,217,BTCUSDT,1d,24998.78,27756.84,24890.0,27395.13,624460.68091,2023-03-17 23:59:59.999000+00:00,16476681071.24338,13113359,318022.61356,8392477832.002321,0.09585867790348179,0.766436814431613
2023-03-18 00:00:00+00:00,218,BTCUSDT,1d,27395.13,27724.85,26578.0,26907.49,371238.97174,2023-03-18 23:59:59.999000+00:00,10135945069.642628,9948603,185687.70768,5070480124.593879,-0.017800244057976755,0.7734475648325772
2023-03-19 00:00:00+00:00,219,BTCUSDT,1d,26907.49,28390.1,26827.22,27972.87,372066.99054,2023-03-19 23:59:59.999000+00:00,10264707987.594164,9578297,188150.56147,5191102286.400918,0.039594179910500626,0.7839130558582368
2023-03-20 00:00:00+00:00,220,BTCUSDT,1d,27972.87,28472.0,27124.47,27717.01,477378.23373,2023-03-20 23:59:59.999000+00:00,13300424536.514921,11775950,239765.29148,6680704887.5321455,-0.009146719660871439,0.7861360124048933
2023-03-21 00:00:00+00:00,221,BTCUSDT,1d,27717.01,28438.55,27303.1,28105.47,420929.7422,2023-03-21 23:59:59.999000+00:00,11760492716.33759,11530870,210472.34027,5880942507.63001,0.014015220256441863,0.7795028818280173
2023-03-22 00:00:00+00:00,222,BTCUSDT,1d,28107.81,28868.05,26601.8,27250.97,224113.41296,2023-03-22 23:59:59.999000+00:00,6272099822.449624,3589327,110355.97386,3089585214.115064,-0.030403334297558482,0.7956201054663568
2023-03-23 00:00:00+00:00,223,BTCUSDT,1d,27250.97,28750.0,27105.0,28295.41,128649.60818,2023-03-23 23:59:59.999000+00:00,3591123573.1149583,2159091,65172.02479,1819323637.2903445,0.038326709104299805,0.8028581034109304
2023-03-24 00:00:00+00:00,224,BTCUSDT,1d,28295.42,28374.3,27000.0,27454.47,86242.06544,2023-03-24 23:59:59.999000+00:00,2403443392.0273013,1511137,41449.56122,1155147465.7389932,-0.029720014659621374,0.783092741388577
2023-03-25 00:00:00+00:00,225,BTCUSDT,1d,27454.46,27787.33,27156.09,27462.95,50844.08102,2023-03-25 23:59:59.999000+00:00,1397227639.2141378,1088721,25326.94876,696042529.0839624,0.0003088750210802349,0.782929830841582
2023-03-26 00:00:00+00:00,226,BTCUSDT,1d,27462.96,28194.4,27417.76,27968.05,49671.70353,2023-03-26 23:59:59.999000+00:00,1380973402.9961205,1068196,25248.15818,702028235.0573264,0.018392051837111456,0.7829556451965493
2023-03-27 00:00:00+00:00,227,BTCUSDT,1d,27968.05,28023.86,26508.14,27124.91,88039.46898,2023-03-27 23:59:59.999000+00:00,2407130888.034605,1575264,43151.91539,1179905180.6135278,-0.030146542215134797,0.8005954879730535
2023-03-28 00:00:00+00:00,228,BTCUSDT,1d,27124.9,27520.0,26631.78,27261.07,78602.44341,2023-03-28 23:59:59.999000+00:00,2124533606.765556,1521981,38972.61486,1053473599.2587688,0.005019740157663266,0.796453526420458
2023-03-29 00:00:00+00:00,229,BTCUSDT,1d,27261.06,28650.0,27240.1,28348.6,89486.16008,2023-03-29 23:59:59.999000+00:00,2519887866.2111588,1704217,45742.08025,1288220696.4926782,0.03989315166279228,0.7917972998266455
2023-03-30 00:00:00+00:00,230,BTCUSDT,1d,28348.6,29184.68,27686.0,28028.53,98865.43256,2023-03-30 23:59:59.999000+00:00,2808471938.6424427,1843652,49100.20979,1394972886.7062368,-0.011290504645732002,0.7294172877947354
2023-03-31 00:00:00+00:00,231,BTCUSDT,1d,28028.53,28656.69,27511.71,28465.36,78198.12139,2023-03-31 23:59:59.999000+00:00,2203253311.777351,1537349,39636.47111,1117184234.1868577,0.015585191231934026,0.7202462012268256
2023-04-01 00:00:00+00:00,232,BTCUSDT,1d,28465.36,28819.71,28220.27,28452.73,30238.44753,2023-04-01 23:59:59.999000+00:00,860804237.452269,822781,15171.37738,431931567.4827481,-0.00044369718141634706,0.7239960623879768
2023-04-02 00:00:00+00:00,233,BTCUSDT,1d,28452.74,28530.0,27856.43,28171.87,37365.65692,2023-04-02 23:59:59.999000+00:00,1053600933.0676804,938464,17897.01839,504647268.0863643,-0.0098711090289052,0.6836196521761334
2023-04-03 00:00:00+00:00,234,BTCUSDT,1d,28171.87,28500.99,27200.24,27800.0,79180.01405,2023-04-03 23:59:59.999000+00:00,2214361048.7823668,1651062,40534.82008,1133865764.0916288,-0.013200046713263913,0.5838322379206378
2023-04-04 00:00:00+00:00,235,BTCUSDT,1d,27800.0,28444.44,27662.79,28165.47,49722.55691,2023-04-04 23:59:59.999000+00:00,1397141464.875036,1102007,25083.95234,704845402.4191409,0.013146402877697971,0.5803609032140651
2023-04-05 00:00:00+00:00,236,BTCUSDT,1d,28165.47,28775.0,27805.1,28170.01,60737.64732,2023-04-05 23:59:59.999000+00:00,1721098539.0660567,1262730,30556.88672,865971090.1704682,0.00016119028015504355,0.5729562446221138
2023-04-06 00:00:00+00:00,237,BTCUSDT,1d,28170.01,28182.05,27711.0,28033.82,40118.94963,2023-04-06 23:59:59.999000+00:00,1122713087.5561826,934548,19308.64369,540384260.8568,-0.004834574073633635,0.5668541018984161
2023-04-07 00:00:00+00:00,238,BTCUSDT,1d,28033.83,28100.0,27766.94,27906.33,24762.09387,2023-04-07 23:59:59.999000+00:00,691323748.9286413,655634,11983.13367,334559478.4702819,-0.004547721288072681,0.4083939662470495
2023-04-08 00:00:00+00:00,239,BTCUSDT,1d,27906.34,28154.99,27859.02,27938.38,19479.96735,2023-04-08 23:59:59.999000+00:00,545324518.6860753,624159,9729.24214,272366679.3440387,0.0011484849494720617,0.39994552580118253
2023-04-09 00:00:00+00:00,240,BTCUSDT,1d,27938.38,28530.0,27800.0,28323.76,32531.16101,2023-04-09 23:59:59.999000+00:00,913915923.6951956,777589,16885.70757,474454325.3569296,0.013793927922807203,0.368948147860119
2023-04-10 00:00:00+00:00,241,BTCUSDT,1d,28323.76,29770.0,28170.0,29637.34,67754.0622,2023-04-10 23:59:59.999000+00:00,1955300943.1708305,1285695,36147.62326,1043138687.5916125,0.046377317135860574,0.4118345458842126
2023-04-11 00:00:00+00:00,242,BTCUSDT,1d,29637.35,30550.0,29590.0,30200.42,67990.07621,2023-04-11 23:59:59.999000+00:00,2046078278.0821176,1340458,34766.92718,1046250622.2934568,0.01899900598366777,0.41468989283681706
2023-04-12 00:00:00+00:00,243,BTCUSDT,1d,30200.43,30486.0,29637.4,29888.07,62049.48451,2023-04-12 23:59:59.999000+00:00,1863497606.1415305,1246556,31136.38576,935223730.572567,-0.010342571394702404,0.3924619550962504
2023-04-13 00:00:00+00:00,244,BTCUSDT,1d,29888.07,30595.0,29854.59,30373.84,51934.11731,2023-04-13 23:59:59.999000+00:00,1571091101.1299672,1054144,26767.65298,809748635.0025868,0.01625297317625396,0.36786939383187844
2023-04-14 00:00:00+00:00,245,BTCUSDT,1d,30373.84,31000.0,29966.0,30466.93,75984.19452,2023-04-14 23:59:59.999000+00:00,2323267494.38023,1504180,38406.59006,1174371283.5651665,0.003064808400913499,0.33791979481425927
2023-04-15 00:00:00+00:00,246,BTCUSDT,1d,30466.93,30595.6,30202.0,30295.09,25429.81247,2023-04-15 23:59:59.999000+00:00,772211097.614016,732418,12424.34509,377293528.31290674,-0.005640213831849872,0.3403660820558877
2023-04-16 00:00:00+00:00,247,BTCUSDT,1d,30295.1,30549.99,30120.0,30304.65,26431.99322,2023-04-16 23:59:59.999000+00:00,801322926.1525651,708233,13163.73591,399115587.0035981,0.0003155626868909245,0.33553400849973325
2023-04-17 00:00:00+00:00,248,BTCUSDT,1d,30304.66,30316.06,29240.65,29430.27,56441.81127,2023-04-17 23:59:59.999000+00:00,1675287761.4330356,1137294,26880.17771,797711012.8071816,-0.028852997807267244,0.33316843106576444
2023-04-18 00:00:00+00:00,249,BTCUSDT,1d,29430.27,30485.0,29096.78,30380.01,62004.89434,2023-04-18 23:59:59.999000+00:00,1861001491.9786973,1141562,32417.57068,972769560.730304,0.03227085582293321,0.3533952790066925
2023-04-19 00:00:00+00:00,250,BTCUSDT,1d,30380.01,30413.53,28520.0,28797.1,86575.48656,2023-04-19 23:59:59.999000+00:00,2541283888.3034472,1699891,41467.78872,1217556267.201096,-0.05210366948529643,0.3948927060541544
2023-04-20 00:00:00+00:00,251,BTCUSDT,1d,28797.1,29088.3,28010.0,28243.65,76879.09372,2023-04-20 23:59:59.999000+00:00,2198854031.424746,1434642,36919.58585,1055949765.7724996,-0.019218949130294316,0.4007188665628208
2023-04-21 00:00:00+00:00,252,BTCUSDT,1d,28243.65,28374.02,27125.0,27262.84,77684.7679,2023-04-21 23:59:59.999000+00:00,2164667611.9354606,1463628,38419.13612,1070540576.475792,-0.03472674388756414,0.4207208799717651
2023-04-22 00:00:00+00:00,253,BTCUSDT,1d,27262.84,27882.72,27140.35,27816.85,36023.69686,2023-04-22 23:59:59.999000+00:00,989379475.3218232,859500,18612.89655,511200971.6362268,0.020321067064179577,0.43074884095418403
2023-04-23 00:00:00+00:00,254,BTCUSDT,1d,27816.85,27816.85,27311.25,27590.6,34812.09581,2023-04-23 23:59:59.999000+00:00,959389698.7572552,873485,17610.47671,485328645.6943109,-0.0081335593354388,0.43014395074332784
2023-04-24 00:00:00+00:00,255,BTCUSDT,1d,27590.59,28000.0,26942.82,27510.93,53111.56874,2023-04-24 23:59:59.999000+00:00,1458406515.6404212,1211080,25641.28044,704079582.6514921,-0.002887577653258644,0.42683247256555057
2023-04-25 00:00:00+00:00,256,BTCUSDT,1d,27510.93,28399.99,27192.0,28300.79,52325.14637,2023-04-25 23:59:59.999000+00:00,1446329375.242731,1087067,26833.47192,742069216.9989536,0.02871077059190652,0.4404679720638887
2023-04-26 00:00:00+00:00,257,BTCUSDT,1d,28300.8,30036.0,27235.0,28415.29,129228.40403,2023-04-26 23:59:59.999000+00:00,3719701461.909163,2261942,64540.55521,1857698379.2654004,0.004045823455811615,0.44071396144261676
2023-04-27 00:00:00+00:00,258,BTCUSDT,1d,28415.29,29890.0,28378.86,29472.77,95430.82431,2023-04-27 23:59:59.999000+00:00,2784859692.36462,1990148,48601.97474,1418439305.6179047,0.03721517535101704,0.46531409073340796
2023-04-28 00:00:00+00:00,259,BTCUSDT,1d,29472.77,29599.54,28891.0,29311.7,54298.16578,2023-04-28 23:59:59.999000+00:00,1590683771.668198,1129240,26659.2164,780784851.5470375,-0.005465044513970008,0.4655893915900731
2023-04-29 00:00:00+00:00,260,BTCUSDT,1d,29311.69,29448.88,29031.0,29230.45,20466.83058,2023-04-29 23:59:59.999000+00:00,599466910.0466621,619319,10024.59978,293627195.7058327,-0.002771930662499922,0.4661030310345535
2023-04-30 00:00:00+00:00,261,BTCUSDT,1d,29230.45,29969.39,29079.59,29233.21,39752.5372,2023-04-30 23:59:59.999000+00:00,1172155267.8761897,949458,19894.27252,586711670.5560739,9.442208382015593e-05,0.4635043948276066
2023-05-01 00:00:00+00:00,262,BTCUSDT,1d,29233.2,29337.34,27666.95,28068.26,64433.65958,2023-05-01 23:59:59.999000+00:00,1828221138.95444,1362793,30761.9269,872712018.1808255,-0.039850225137779915,0.4513615829616982
2023-05-02 00:00:00+00:00,263,BTCUSDT,1d,28068.26,28879.88,27872.0,28669.86,50824.5224,2023-05-02 23:59:59.999000+00:00,1441733922.0116444,1174697,24789.36748,703206831.7801807,0.02143346256590184,0.4535687085771894
2023-05-03 00:00:00+00:00,264,BTCUSDT,1d,28669.85,29266.66,28113.69,29026.16,64615.79213,2023-05-03 23:59:59.999000+00:00,1845961218.843244,1502909,32291.20998,922549963.250758,0.012427685381093623,0.4560390715435759
2023-05-04 00:00:00+00:00,265,BTCUSDT,1d,29026.16,29379.83,28663.64,28838.16,42575.47501,2023-05-04 23:59:59.999000+00:00,1233816136.1606576,961542,20470.2124,593281438.9381377,-0.006476915995777599,0.45004332425633686
2023-05-05 00:00:00+00:00,266,BTCUSDT,1d,28838.16,29677.0,28800.0,29505.61,58415.83048,2023-05-05 23:59:59.999000+00:00,1709786814.901134,1288027,29071.98606,850975342.6424302,0.023144680520532646,0.4619595853260231
2023-05-06 00:00:00+00:00,267,BTCUSDT,1d,29505.6,29820.0,28300.0,28848.2,49249.28459,2023-05-06 23:59:59.999000+00:00,1429517892.780502,1221021,23315.95073,676717267.0117224,-0.02228084760830229,0.46998841762459076
2023-05-07 00:00:00+00:00,268,BTCUSDT,1d,28848.19,29138.29,28395.23,28430.1,30003.41028,2023-05-07 23:59:59.999000+00:00,865838535.326382,855425,14904.01102,430162358.6294252,-0.01449310528906489,0.4726825476870859
2023-05-08 00:00:00+00:00,269,BTCUSDT,1d,28430.09,28631.01,27262.0,27668.79,68244.36179,2023-05-08 23:59:59.999000+00:00,1903052694.6684127,1600637,32347.56935,901988104.11036,-0.02677830890499855,0.47066588515391894
2023-05-09 00:00:00+00:00,270,BTCUSDT,1d,27668.8,27818.0,27353.0,27628.27,40113.31069,2023-05-09 23:59:59.999000+00:00,1106923908.3058467,1003698,20094.09737,554561922.8053713,-0.0014644659199046783,0.44532592538854926
2023-05-10 00:00:00+00:00,271,BTCUSDT,1d,27628.28,28331.42,26777.0,27598.75,71155.11355,2023-05-10 23:59:59.999000+00:00,1971173412.435502,1534579,34398.83676,953153016.5096189,-0.0010684708090662465,0.3929950474002988
2023-05-11 00:00:00+00:00,272,BTCUSDT,1d,27598.74,27630.14,26702.05,26968.62,47635.31365,2023-05-11 23:59:59.999000+00:00,1295799109.011004,1257000,23270.11723,632925807.4925774,-0.02283183115177323,0.39618980677572174
2023-05-12 00:00:00+00:00,273,BTCUSDT,1d,26968.61,27091.12,25811.46,26795.01,67207.93494,2023-05-12 23:59:59.999000+00:00,1777052127.731093,1351633,33147.27251,876487224.2550422,-0.0064374817843849685,0.3702373593674937
2023-05-13 00:00:00+00:00,274,BTCUSDT,1d,26795.01,27045.45,26692.03,26775.28,22814.90421,2023-05-13 23:59:59.999000+00:00,612062852.0866882,605049,10959.29947,294038915.03262633,-0.0007363311303112408,0.3587034761197875
2023-05-14 00:00:00+00:00,275,BTCUSDT,1d,26775.27,27200.0,26560.53,26917.62,21594.8036,2023-05-14 23:59:59.999000+00:00,580801698.0002693,629537,10672.14983,287060095.3315276,0.005316097534741049,0.35864794348945717
2023-05-15 00:00:00+00:00,276,BTCUSDT,1d,26917.61,27663.59,26726.0,27162.14,40430.08333,2023-05-15 23:59:59.999000+00:00,1104633264.131574,935914,19301.24631,527237637.33101344,0.009084012628159499,0.36096783660794757
2023-05-16 00:00:00+00:00,277,BTCUSDT,1d,27162.15,27296.89,26852.11,27033.84,33270.45451,2023-05-16 23:59:59.999000+00:00,900273404.6010331,815642,15970.99932,432214355.0561344,-0.0047234864410535815,0.33787014821864014
2023-05-17 00:00:00+00:00,278,BTCUSDT,1d,27033.85,27500.0,26544.71,27405.61,42958.97785,2023-05-17 23:59:59.999000+00:00,1159714527.6352637,1016823,21634.02212,584185553.7913067,0.013752023389943968,0.34343267821579665
2023-05-18 00:00:00+00:00,279,BTCUSDT,1d,27405.62,27485.33,26361.2,26821.28,49198.65143,2023-05-18 23:59:59.999000+00:00,1330745572.6946373,1057318,23659.89374,640128055.9068437,-0.021321546938747327,0.30763720856955273
2023-05-19 00:00:00+00:00,280,BTCUSDT,1d,26821.28,27183.6,26630.0,26880.26,28754.13544,2023-05-19 23:59:59.999000+00:00,772864757.1633048,756295,13622.24812,366169697.3870807,0.0021990001968585915,0.308789487372277
2023-05-20 00:00:00+00:00,281,BTCUSDT,1d,26880.26,27150.0,26825.11,27102.43,14434.54718,2023-05-20 23:59:59.999000+00:00,389225653.7451669,481382,6769.94368,182562924.6341634,0.008265173030320483,0.31298376219801377
2023-05-21 00:00:00+00:00,282,BTCUSDT,1d,27102.42,27277.55,26666.03,26747.78,21347.87279,2023-05-21 23:59:59.999000+00:00,575213570.2794422,568937,9855.43959,265526847.33206752,-0.013085542514084558,0.31506539681415624
2023-05-22 00:00:00+00:00,283,BTCUSDT,1d,26747.78,27099.89,26538.21,26849.27,26458.83828,2023-05-22 23:59:59.999000+00:00,709594996.7242744,717111,12639.67925,338982776.4596819,0.0037943335858154903,0.2746089013191249
2023-05-23 00:00:00+00:00,284,BTCUSDT,1d,26849.28,27495.83,26798.11,27219.61,38700.83858,2023-05-23 23:59:59.999000+00:00,1054565781.6023751,816399,18966.20117,516737777.2652495,0.013793298663241194,0.26435974145729046
2023-05-24 00:00:00+00:00,285,BTCUSDT,1d,27219.61,27219.61,26080.5,26329.01,54393.0657,2023-05-24 23:59:59.999000+00:00,1442636235.4543552,1012767,26698.91191,707870181.8163438,-0.03271905806144915,0.28445744517083926
2023-05-25 00:00:00+00:00,286,BTCUSDT,1d,26329.0,26631.98,25871.89,26473.79,37435.44895,2023-05-25 23:59:59.999000+00:00,984117789.7017612,753125,17773.08882,467287939.9395918,0.005498877473934849,0.2873264769974625
2023-05-26 00:00:00+00:00,287,BTCUSDT,1d,26473.8,26932.16,26327.24,26705.92,35061.18713,2023-05-26 23:59:59.999000+00:00,932817724.5940099,655755,16507.37461,439209106.74467194,0.008768294981564617,0.2681932596281931
2023-05-27 00:00:00+00:00,288,BTCUSDT,1d,26705.93,26895.0,26551.0,26854.27,15095.6867,2023-05-27 23:59:59.999000+00:00,403337263.0344908,415694,7152.30076,191116596.77267233,0.005554948116372804,0.2597559208827782
2023-05-28 00:00:00+00:00,289,BTCUSDT,1d,26854.28,28261.32,26764.36,28065.0,43916.00855,2023-05-28 23:59:59.999000+00:00,1205762341.9704952,843861,23346.55866,640869473.6004443,0.04508519501740316,0.3238240864265369
2023-05-29 00:00:00+00:00,290,BTCUSDT,1d,28065.01,28447.14,27524.6,27736.4,42385.41945,2023-05-29 23:59:59.999000+00:00,1182678581.6346693,805579,20199.85331,563722083.6591941,-0.011708533760912077,0.3071534996883755
2023-05-30 00:00:00+00:00,291,BTCUSDT,1d,27736.39,28038.59,27554.0,27694.4,32686.75371,2023-05-30 23:59:59.999000+00:00,908653906.0072743,745633,15196.52438,422438614.8525725,-0.0015142556351941394,0.30715860857236055
2023-05-31 00:00:00+00:00,292,BTCUSDT,1d,27694.39,27835.51,26839.01,27210.35,46588.80573,2023-05-31 23:59:59.999000+00:00,1265952178.7798684,908537,21962.66824,596493723.439264,-0.017478262753480966,0.31592459043079746
2023-06-01 00:00:00+00:00,293,BTCUSDT,1d,27210.36,27350.0,26605.05,26817.93,39217.8088,2023-06-01 23:59:59.999000+00:00,1055132509.8658342,814389,18620.69161,500960557.9227829,-0.014421718206491185,0.3069142122790062
2023-06-02 00:00:00+00:00,294,BTCUSDT,1d,26817.93,27300.0,26505.0,27242.59,36380.90269,2023-06-02 23:59:59.999000+00:00,983857061.640842,811087,18134.67738,490485191.7880676,0.01583492834831035,0.3125740167443408
2023-06-03 00:00:00+00:00,295,BTCUSDT,1d,27242.59,27333.29,26914.93,27069.22,16595.34117,2023-06-03 23:59:59.999000+00:00,450588672.4704081,466520,7745.7868,210327639.56108248,-0.006363932357385971,0.31399424224757255
2023-06-04 00:00:00+00:00,296,BTCUSDT,1d,27069.22,27455.02,26951.0,27115.21,19258.41049,2023-06-04 23:59:59.999000+00:00,523747237.4389696,504474,9511.72432,258699846.47588032,0.001698977658018963,0.3133743694745918
2023-06-05 00:00:00+00:00,297,BTCUSDT,1d,27115.2,27129.33,25388.0,25728.2,65805.60305,2023-06-05 23:59:59.999000+00:00,1722665798.0920303,1420829,30583.35138,799867474.2125897,-0.05115247125137512,0.37728363601322373
2023-06-06 00:00:00+00:00,298,BTCUSDT,1d,25728.2,27355.33,25351.02,27230.08,68392.60438,2023-06-06 23:59:59.999000+00:00,1797636024.0812125,1345725,35083.7879,922716234.2100114,0.05837485716062529,0.45406513850244407
2023-06-07 00:00:00+00:00,299,BTCUSDT,1d,27230.07,27391.77,26125.01,26339.34,59619.44364,2023-06-07 23:59:59.999000+00:00,1589291467.5372329,1311928,28095.50924,749083400.1203891,-0.0327116189155523,0.4705466069870497
2023-06-08 00:00:00+00:00,300,BTCUSDT,1d,26339.34,26810.0,26210.0,26498.61,31075.51083,2023-06-08 23:59:59.999000+00:00,823023638.236875,848252,14614.60741,387105933.4399799,0.006046848554291717,0.4633925007502588
2023-06-09 00:00:00+00:00,301,BTCUSDT,1d,26498.62,26783.33,26269.91,26477.81,27934.7097,2023-06-09 23:59:59.999000+00:00,741158215.0539023,746911,12757.07361,338454644.8956143,-0.000784946833060296,0.4632661224278104
2023-06-10 00:00:00+00:00,302,BTCUSDT,1d,26477.8,26533.87,25358.0,25841.21,64944.60108,2023-06-10 23:59:59.999000+00:00,1673795235.4008925,1713871,31558.13098,813190388.2485608,-0.024042773930321393,0.47169182053682956
2023-06-11 00:00:00+00:00,303,BTCUSDT,1d,25841.22,26206.88,25634.7,25925.55,30014.29595,2023-06-11 23:59:59.999000+00:00,776111471.8669971,833902,14266.10759,368954010.80744416,0.003263779056785765,0.46958548130470845
2023-06-12 00:00:00+00:00,304,BTCUSDT,1d,25925.54,26106.48,25602.11,25905.19,29900.50893,2023-06-12 23:59:59.999000+00:00,773303698.8633221,858037,14219.97114,367770742.66004,-0.0007853256729365432,0.4690845900756015
2023-06-13 00:00:00+00:00,305,BTCUSDT,1d,25905.2,26433.21,25712.57,25934.25,41065.60853,2023-06-13 23:59:59.999000+00:00,1068985236.5126554,1007138,20120.32689,523776704.241491,0.0011217829323004747,0.46453860495225324
2023-06-14 00:00:00+00:00,306,BTCUSDT,1d,25934.24,26098.0,24820.56,25128.6,45077.31608,2023-06-14 23:59:59.999000+00:00,1152808416.919793,957418,20726.13761,530122336.3788532,-0.03106509731339835,0.4625909804042785
2023-06-15 00:00:00+00:00,307,BTCUSDT,1d,25128.6,25759.01,24800.0,25598.49,48664.86063,2023-06-15 23:59:59.999000+00:00,1224436974.8502872,943268,24035.81623,604884325.2462568,0.018699410233757652,0.4696852569497814
2023-06-16 00:00:00+00:00,308,BTCUSDT,1d,25598.49,26518.0,25175.56,26345.0,51596.91662,2023-06-16 23:59:59.999000+00:00,1335158158.639614,926194,24055.65943,622525707.6049981,0.029162266993092212,0.4851162571020909
2023-06-17 00:00:00+00:00,309,BTCUSDT,1d,26345.01,26839.99,26181.0,26516.99,27842.2195,2023-06-17 23:59:59.999000+00:00,738491809.8811625,666967,13843.65158,367248705.0054073,0.006528373505409135,0.48534912974279737
2023-06-18 00:00:00+00:00,310,BTCUSDT,1d,26516.99,26700.0,26255.85,26339.97,21538.31022,2023-06-18 23:59:59.999000+00:00,571013013.8553362,555956,10367.07533,274864183.4442869,-0.006675719981792838,0.44316308594558035
2023-06-19 00:00:00+00:00,311,BTCUSDT,1d,26339.98,27068.09,26256.61,26844.35,35872.65974,2023-06-19 23:59:59.999000+00:00,954193987.2948112,732735,17593.19977,468128198.05453104,0.019148844892382,0.45040572343165425
2023-06-20 00:00:00+00:00,312,BTCUSDT,1d,26844.35,28402.74,26652.0,28307.99,69666.95525,2023-06-20 23:59:59.999000+00:00,1912797983.5310051,1189024,35052.57462,962782935.68993,0.05452320506922326,0.5069406106116814
2023-06-21 00:00:00+00:00,313,BTCUSDT,1d,28308.0,30800.0,28257.99,29993.89,108926.40412,2023-06-21 23:59:59.999000+00:00,3210301129.3662906,1872873,55846.96952,1646165465.2449384,0.0595556236949355,0.5541791630415687
2023-06-22 00:00:00+00:00,314,BTCUSDT,1d,29993.89,30500.0,29525.61,29884.92,59054.5646,2023-06-22 23:59:59.999000+00:00,1775822103.7632556,1146092,27902.93312,839284260.1798254,-0.003633073269255882,0.5490643797343613
2023-06-23 00:00:00+00:00,315,BTCUSDT,1d,29884.92,31431.94,29800.0,30688.5,73931.89635,2023-06-23 23:59:59.999000+00:00,2265077496.195469,1338533,36289.3174,1112439184.9506557,0.026889146766998273,0.5547446238030893
2023-06-24 00:00:00+00:00,316,BTCUSDT,1d,30688.51,30800.0,30250.0,30527.43,30513.30135,2023-06-24 23:59:59.999000+00:00,933244397.7040019,776343,14497.56447,443500647.92208225,-0.005248545872232224,0.5543071165975456
2023-06-25 00:00:00+00:00,317,BTCUSDT,1d,30527.44,31046.01,30277.49,30462.66,30223.44801,2023-06-25 23:59:59.999000+00:00,926316644.4167664,789910,14627.97473,448414594.5587875,-0.002121698420076701,0.5550939062453084
2023-06-26 00:00:00+00:00,318,BTCUSDT,1d,30462.67,30666.0,29930.0,30267.99,45180.41489,2023-06-26 23:59:59.999000+00:00,1367837657.5451825,954783,22277.58284,674540668.5726604,-0.0063904465335593574,0.4996483460907643
2023-06-27 00:00:00+00:00,319,BTCUSDT,1d,30267.99,30994.97,30226.17,30692.44,42699.64157,2023-06-27 23:59:59.999000+00:00,1306206257.0193572,824373,21151.29517,647203906.7656411,0.014023065291087988,0.44992483127557265
2023-06-28 00:00:00+00:00,320,BTCUSDT,1d,30692.44,30709.74,29858.8,30077.41,40463.51937,2023-06-28 23:59:59.999000+00:00,1224103637.6132562,895470,19176.75428,580226725.8333887,-0.020038485047132126,0.4328140650009651
2023-06-29 00:00:00+00:00,321,BTCUSDT,1d,30077.4,30843.98,30049.98,30447.31,36330.62903,2023-06-29 23:59:59.999000+00:00,1107940389.9242406,758428,17834.38857,543872730.2617269,0.012298266373334643,0.4334577886508986
2023-06-30 00:00:00+00:00,322,BTCUSDT,1d,30447.31,31282.0,29500.0,30472.0,89419.07618,2023-06-30 23:59:59.999000+00:00,2726355505.5063505,1559366,44319.81254,1351735332.8585768,0.0008109090753829484,0.4329937543296338
2023-07-01 00:00:00+00:00,323,BTCUSDT,1d,30471.99,30661.6,30320.57,30585.9,17501.75075,2023-07-01 23:59:59.999000+00:00,533859338.1325383,567975,8102.13876,247175148.950766,0.003737857705434555,0.4116643887472271
2023-07-02 00:00:00+00:00,324,BTCUSDT,1d,30585.9,30791.0,30155.0,30617.03,23286.41019,2023-07-02 23:59:59.999000+00:00,711031423.4334425,591533,10630.2474,324616031.9581684,0.00101778924275564,0.41226953978120473
2023-07-03 00:00:00+00:00,325,BTCUSDT,1d,30617.02,31380.0,30570.27,31156.2,43761.64311,2023-07-03 23:59:59.999000+00:00,1352635339.5043936,781855,20885.94331,645698735.3773495,0.017610133967925767,0.412110702604947
2023-07-04 00:00:00+00:00,326,BTCUSDT,1d,31156.2,31350.69,30620.0,30766.51,33206.11943,2023-07-04 23:59:59.999000+00:00,1028794008.5245212,779472,14107.36566,437126154.0841225,-0.012507622880839175,0.42072047979259847
2023-07-05 00:00:00+00:00,327,BTCUSDT,1d,30766.52,30878.07,30200.0,30504.81,33215.67122,2023-07-05 23:59:59.999000+00:00,1013694790.31705,827926,15619.11716,476478254.94341326,-0.008506002143239377,0.39160981403370987
2023-07-06 00:00:00+00:00,328,BTCUSDT,1d,30504.8,31500.0,29850.45,29895.43,71319.6261,2023-07-06 23:59:59.999000+00:00,2181763648.99527,1397042,33952.63237,1039137135.293551,-0.019976521735424746,0.40783471545887395
2023-07-07 00:00:00+00:00,329,BTCUSDT,1d,29895.42,30449.0,29701.02,30344.7,34070.53895,2023-07-07 23:59:59.999000+00:00,1027461795.2332093,912948,14875.86309,448638761.3838917,0.015028049437656454,0.398362177370139
2023-07-08 00:00:00+00:00,330,BTCUSDT,1d,30344.7,30386.81,30044.47,30284.63,13094.59042,2023-07-08 23:59:59.999000+00:00,395759717.57242787,480214,5990.91468,181083431.1999306,-0.001979587868721766,0.4001041175659603
2023-07-09 00:00:00+00:00,331,BTCUSDT,1d,30284.63,30445.52,30061.12,30160.71,15388.50196,2023-07-09 23:59:59.999000+00:00,465781514.2589476,473168,7017.35093,212433521.88972887,-0.004091844608965056,0.39868777538227673
2023-07-10 00:00:00+00:00,332,BTCUSDT,1d,30160.71,31045.78,29950.0,30411.57,41262.87652,2023-07-10 23:59:59.999000+00:00,1254289037.7420728,896853,19574.2347,595390893.1450084,0.008317443455409412,0.39504314674233393
2023-07-11 00:00:00+00:00,333,BTCUSDT,1d,30411.57,30813.63,30300.0,30622.1,28476.83311,2023-07-11 23:59:59.999000+00:00,868966244.2412691,691213,13670.16079,417204801.1629621,0.006922694224599457,0.3337819088137173
2023-07-12 00:00:00+00:00,334,BTCUSDT,1d,30622.1,30983.25,30210.0,30380.0,38108.99669,2023-07-12 23:59:59.999000+00:00,1166497472.4331727,784195,18251.27965,558742524.9312288,-0.007906054777431892,0.231186717661521
2023-07-13 00:00:00+00:00,335,BTCUSDT,1d,30380.0,31804.2,30251.0,31454.23,70772.51836,2023-07-13 23:59:59.999000+00:00,2194927210.224416,1301632,36084.84178,1119542855.1513171,0.03535977616853181,0.2715458745314723
2023-07-14 00:00:00+00:00,336,BTCUSDT,1d,31454.23,31630.0,29900.0,30312.01,60749.48424,2023-07-14 23:59:59.999000+00:00,1869443273.7476244,1274387,28513.77996,877642037.8224415,-0.036313716787853334,0.2949337563496463
2023-07-15 00:00:00+00:00,337,BTCUSDT,1d,30312.0,30390.9,30200.0,30289.52,14118.55329,2023-07-15 23:59:59.999000+00:00,427921094.3021783,488354,6430.54981,194912673.91192168,-0.0007419501379155591,0.29419985227183315
2023-07-16 00:00:00+00:00,338,BTCUSDT,1d,30289.52,30441.46,30064.29,30231.99,15760.1281,2023-07-16 23:59:59.999000+00:00,477189328.0072937,494225,7322.44372,221713710.223243,-0.0018993368003190625,0.2941756242430536
2023-07-17 00:00:00+00:00,339,BTCUSDT,1d,30232.0,30336.96,29659.2,30138.0,30882.76839,2023-07-17 23:59:59.999000+00:00,929647644.243343,816466,14352.21893,432105955.4547703,-0.0031089584245033164,0.29324196802186886
2023-07-18 00:00:00+00:00,340,BTCUSDT,1d,30138.01,30239.78,29512.0,29859.13,30003.8601,2023-07-18 23:59:59.999000+00:00,897157095.477411,754775,13771.19621,411748868.0629127,-0.009253102395646695,0.28881678559201013
2023-07-19 00:00:00+00:00,341,BTCUSDT,1d,29859.14,30189.09,29761.96,29909.21,25657.36137,2023-07-19 23:59:59.999000+00:00,769254865.285115,617415,12260.98321,367624217.9174355,0.0016772089474810237,0.27691234458967345
2023-07-20 00:00:00+00:00,342,BTCUSDT,1d,29909.21,30417.46,29570.96,29800.0,37540.68193,2023-07-20 23:59:59.999000+00:00,1125950643.7116497,749723,18061.33493,541742405.5204978,-0.003651383637347849,0.2717448627435582
2023-07-21 00:00:00+00:00,343,BTCUSDT,1d,29800.0,30061.7,29726.34,29901.72,23881.40865,2023-07-21 23:59:59.999000+00:00,713123417.7612139,555611,11566.3884,345404092.6459083,0.003413422818792089,0.272264617950674
2023-07-22 00:00:00+00:00,344,BTCUSDT,1d,29901.72,29999.0,29625.1,29794.0,14660.40467,2023-07-22 23:59:59.999000+00:00,437785700.3396102,423988,6725.50525,200848375.4485695,-0.0036024683529910506,0.27175000180526465
2023-07-23 00:00:00+00:00,345,BTCUSDT,1d,29793.99,30350.0,29730.0,30083.75,18292.78637,2023-07-23 23:59:59.999000+00:00,548940321.0915866,519434,8889.35695,266761143.41169807,0.009725112438746075,0.275418664005904
2023-07-24 00:00:00+00:00,346,BTCUSDT,1d,30083.75,30099.58,28861.9,29176.5,39628.99691,2023-07-24 23:59:59.999000+00:00,1162562413.8190155,869107,18047.66786,529388757.49158144,-0.03015747704325422,0.28900716437792395
2023-07-25 00:00:00+00:00,347,BTCUSDT,1d,29176.5,29376.0,29047.65,29228.91,21565.7478,2023-07-25 23:59:59.999000+00:00,629531351.1145664,533797,10257.29455,299466722.1976085,0.001796308673075897,0.2865723845679576
2023-07-26 00:00:00+00:00,348,BTCUSDT,1d,29228.91,29690.0,29096.94,29351.96,33931.63366,2023-07-26 23:59:59.999000+00:00,995569172.1396835,750401,15987.94266,469155943.83416,0.0042098730332400525,0.28647523500556327
2023-07-27 00:00:00+00:00,349,BTCUSDT,1d,29351.95,29567.49,29083.85,29222.78,22476.47626,2023-07-27 23:59:59.999000+00:00,659594157.3443576,583045,10384.95749,304728875.7312362,-0.004401068957575638,0.2755153852564542
2023-07-28 00:00:00+00:00,350,BTCUSDT,1d,29222.78,29542.22,29123.12,29314.14,23993.61627,2023-07-28 23:59:59.999000+00:00,702705076.837866,543177,11422.36141,334588917.08832914,0.003126328159059444,0.26723596344910244
2023-07-29 00:00:00+00:00,351,BTCUSDT,1d,29314.14,29406.92,29256.18,29352.9,10851.36844,2023-07-29 23:59:59.999000+00:00,318276733.8766431,339750,5443.09222,159659088.1646764,0.0013222287947045608,0.26749359850408055
2023-07-30 00:00:00+00:00,352,BTCUSDT,1d,29352.9,29449.0,29033.24,29281.09,15706.97441,2023-07-30 23:59:59.999000+00:00,459830379.6509824,454846,7720.41654,226012721.3705351,-0.0024464362976061027,0.26727852069431796
2023-07-31 00:00:00+00:00,353,BTCUSDT,1d,29281.09,29530.0,29101.8,29232.25,22605.48964,2023-07-31 23:59:59.999000+00:00,663025204.2072345,563115,11029.2258,323482162.2920864,-0.0016679706937139382,0.26393215471247294
2023-08-01 00:00:00+00:00,354,BTCUSDT,1d,29232.26,29739.25,28585.7,29705.99,44719.65162,2023-08-01 23:59:59.999000+00:00,1299160215.077924,900141,21831.75056,634595648.9435309,0.01620607377126304,0.272232333711631
2023-08-02 00:00:00+00:00,355,BTCUSDT,1d,29705.99,30047.5,28927.5,29186.01,48181.65141,2023-08-02 23:59:59.999000+00:00,1419729744.649752,945158,22953.8144,676256840.2750592,-0.01750421379661149,0.2793010315533977
2023-08-03 00:00:00+00:00,356,BTCUSDT,1d,29186.0,29433.33,28968.0,29193.64,26476.91994,2023-08-03 23:59:59.999000+00:00,773302705.4947629,651970,12901.09228,376856740.48839366,0.00026142662186434684,0.22761531954776718
2023-08-04 00:00:00+00:00,357,BTCUSDT,1d,29193.65,29333.08,28807.54,29113.99,23551.95217,2023-08-04 23:59:59.999000+00:00,686643453.3930904,544850,10539.62903,307284659.321428,-0.002728333979592712,0.17652260922753568
2023-08-05 00:00:00+00:00,358,BTCUSDT,1d,29114.0,29152.23,28978.64,29072.13,11645.52018,2023-08-05 23:59:59.999000+00:00,338478560.12182474,331924,5491.4962,159611625.1658778,-0.0014377967430778682,0.17646475479194976
2023-08-06 00:00:00+00:00,359,BTCUSDT,1d,29072.13,29205.09,28991.88,29088.42,13178.1972,2023-08-06 23:59:59.999000+00:00,383209498.87775046,338654,6471.24487,188192943.696217,0.0005603304608226001,0.17676528585771598
2023-08-07 00:00:00+00:00,360,BTCUSDT,1d,29088.43,29276.78,28701.03,29211.06,30966.87746,2023-08-07 23:59:59.999000+00:00,899492595.6812717,671438,15375.49318,446702609.5645752,0.004216110740975276,0.17840075403336725
2023-08-08 00:00:00+00:00,361,BTCUSDT,1d,29211.06,30244.0,29146.45,29770.42,45700.53392,2023-08-08 23:59:59.999000+00:00,1352934531.6659672,877168,24189.62133,716161501.5730364,0.019148911405474367,0.19430052107082518
2023-08-09 00:00:00+00:00,362,BTCUSDT,1d,29770.41,30160.0,29376.67,29581.99,38003.88725,2023-08-09 23:59:59.999000+00:00,1130396850.0974116,750252,18700.85778,556446376.2517849,-0.006329437072100319,0.19583120029475756
2023-08-10 00:00:00+00:00,363,BTCUSDT,1d,29581.99,29738.0,29320.2,29455.75,23463.45373,2023-08-10 23:59:59.999000+00:00,692863472.0877249,513691,11204.06553,330886650.2003818,-0.0042674613844437825,0.19603040526890073
2023-08-11 00:00:00+00:00,364,BTCUSDT,1d,29455.76,29564.52,29252.45,29426.03,20637.0443,2023-08-11 23:59:59.999000+00:00,607176051.3015367,437828,9803.94004,288451712.10020846,-0.0010089710837443144,0.1952836908696485
2023-08-12 00:00:00+00:00,365,BTCUSDT,1d,29426.02,29481.35,29381.56,29430.17,8971.48068,2023-08-12 23:59:59.999000+00:00,263949405.54340288,310852,4181.99127,123039182.1587899,0.0001406917616817438,0.1948961588344405
2023-08-13 00:00:00+00:00,366,BTCUSDT,1d,29430.18,29474.65,29272.32,29303.84,11101.70947,2023-08-13 23:59:59.999000+00:00,326264625.2296824,341726,5257.07008,154501729.2473491,-0.004292533818187172,0.19013213296997836
2023-08-14 00:00:00+00:00,367,BTCUSDT,1d,29303.85,29695.32,29102.45,29430.93,31443.11532,2023-08-14 23:59:59.999000+00:00,924613476.681799,671592,15036.11048,442247506.1673844,0.004336974266853755,0.14274318534752103
2023-08-15 00:00:00+00:00,368,BTCUSDT,1d,29430.92,29499.26,29059.6,29200.0,27503.87691,2023-08-15 23:59:59.999000+00:00,806683957.3100157,591162,12751.63951,374046205.2590536,-0.007846507059070196,0.14667792193435636
2023-08-16 00:00:00+00:00,369,BTCUSDT,1d,29200.01,29259.85,28723.08,28730.51,32996.69854,2023-08-16 23:59:59.999000+00:00,959870747.0063143,768028,14761.86053,429510396.4298237,-0.016078424657534285,0.15980299942727358
2023-08-17 00:00:00+00:00,370,BTCUSDT,1d,28730.51,28783.48,25166.0,26623.41,100271.54033,2023-08-17 23:59:59.999000+00:00,2755821274.340605,1976577,47495.99471,1302553963.3106227,-0.07334015302895769,0.3416677213758621
2023-08-18 00:00:00+00:00,371,BTCUSDT,1d,26623.41,26832.6,25619.0,26054.0,69790.65711,2023-08-18 23:59:59.999000+00:00,1834219523.699404,1293122,33522.24573,881095856.1944035,-0.0213875683092436,0.3472252999383302
2023-08-19 00:00:00+00:00,372,BTCUSDT,1d,26054.0,26281.0,25801.09,26100.01,26160.75343,2023-08-19 23:59:59.999000+00:00,680623880.8247553,615764,12952.29598,337010159.8115182,0.001765947647194288,0.3473877883790084
2023-08-20 00:00:00+00:00,373,BTCUSDT,1d,26100.01,26299.0,25971.05,26189.99,19056.91209,2023-08-20 23:59:59.999000+00:00,497880752.23011583,451543,9909.1293,258890029.08250633,0.003447508257659715,0.34917120273585484
2023-08-21 00:00:00+00:00,374,BTCUSDT,1d,26190.0,26258.42,25812.0,26126.92,30267.24233,2023-08-21 23:59:59.999000+00:00,788205156.3215923,565987,14052.07264,365942107.34064466,-0.0024081719771562593,0.34905074124053265
2023-08-22 00:00:00+00:00,375,BTCUSDT,1d,26126.92,26139.42,25300.0,26056.0,34247.06688,2023-08-22 23:59:59.999000+00:00,886782344.160293,603624,16436.92888,425661908.6149738,-0.0027144416563451568,0.33659629708765776
2023-08-23 00:00:00+00:00,376,BTCUSDT,1d,26055.99,26819.27,25812.82,26432.72,44023.69978,2023-08-23 23:59:59.999000+00:00,1156326251.922411,673711,21955.66524,576734438.2954,0.014458090267116974,0.3430941702114581
2023-08-24 00:00:00+00:00,377,BTCUSDT,1d,26432.71,26577.87,25864.0,26180.05,30205.22116,2023-08-24 23:59:59.999000+00:00,792966965.8982657,575619,13987.93493,367233375.41684335,-0.009558985984038038,0.3430247713378195
2023-08-25 00:00:00+00:00,378,BTCUSDT,1d,26180.05,26314.05,25777.15,26060.01,27753.33772,2023-08-25 23:59:59.999000+00:00,722611079.1898074,611438,13258.65894,345214226.918254,-0.0045851707693453925,0.34288615171414505
2023-08-26 00:00:00+00:00,379,BTCUSDT,1d,26060.0,26125.77,25985.92,26017.37,10022.22322,2023-08-26 23:59:59.999000+00:00,261041530.4758038,329412,4681.90628,121952627.5976749,-0.0016362234703670708,0.3428484295440218
2023-08-27 00:00:00+00:00,380,BTCUSDT,1d,26017.38,26182.23,25966.11,26101.77,12099.64216,2023-08-27 23:59:59.999000+00:00,315548363.0193776,349090,6170.48664,160918200.3936097,0.003243986613558514,0.34384004417753233
2023-08-28 00:00:00+00:00,381,BTCUSDT,1d,26101.78,26253.99,25864.5,26120.0,22692.62655,2023-08-28 23:59:59.999000+00:00,591008939.17657,523057,10912.40549,284226173.7934395,0.0006984200688304742,0.34243189264138485
2023-08-29 00:00:00+00:00,382,BTCUSDT,1d,26120.0,28142.85,25922.0,27716.34,74251.99488,2023-08-29 23:59:59.999000+00:00,2023326050.758479,1137083,37945.55071,1034244032.3814664,0.061115620214395205,0.43022825731351655
2023-08-30 00:00:00+00:00,383,BTCUSDT,1d,27716.34,27768.57,27017.24,27299.99,35448.25848,2023-08-30 23:59:59.999000+00:00,969086451.1625257,690292,16715.57712,456926409.729732,-0.015021824670934159,0.4329167364069687
2023-08-31 00:00:00+00:00,384,BTCUSDT,1d,27299.99,27587.51,25655.01,25940.78,51032.80401,2023-08-31 23:59:59.999000+00:00,1360373186.0116708,944690,24598.11397,655707233.8849008,-0.04978793032524931,0.4739129315498058
2023-09-01 00:00:00+00:00,385,BTCUSDT,1d,25940.77,26156.0,25333.75,25805.05,41032.15056,2023-09-01 23:59:59.999000+00:00,1059444591.7097493,881179,19960.9903,515429946.1831724,-0.005232302189833948,0.4734709880955739
2023-09-02 00:00:00+00:00,386,BTCUSDT,1d,25805.04,25987.5,25752.47,25869.51,16250.77698,2023-09-02 23:59:59.999000+00:00,419812969.94685984,567728,7634.91416,197234437.0220484,0.002497960670488908,0.4741247817711084
2023-09-03 00:00:00+00:00,387,BTCUSDT,1d,25869.52,26135.0,25800.0,25971.21,17474.47667,2023-09-03 23:59:59.999000+00:00,453100690.1021077,496412,8583.16498,222581536.0268467,0.003931268895313478,0.4758464118268015
2023-09-04 00:00:00+00:00,388,BTCUSDT,1d,25971.21,26108.02,25631.21,25826.02,21777.59609,2023-09-04 23:59:59.999000+00:00,563532890.5699993,596830,10177.3686,263365883.4295556,-0.005590421085501895,0.4739224116021338
2023-09-05 00:00:00+00:00,389,BTCUSDT,1d,25826.03,25915.49,25562.62,25792.1,21323.39337,2023-09-05 23:59:59.999000+00:00,548893707.6002005,566736,9926.65838,255537038.4660957,-0.0013134040785224288,0.47421683225493794
2023-09-06 00:00:00+00:00,390,BTCUSDT,1d,25792.11,26040.0,25372.51,25759.95,27262.52386,2023-09-06 23:59:59.999000+00:00,700763180.8011677,636302,12736.70564,327416444.78409594,-0.0012465057129895651,0.47226035072144384
2023-09-07 00:00:00+00:00,391,BTCUSDT,1d,25759.95,26443.14,25615.38,26255.0,27687.49567,2023-09-07 23:59:59.999000+00:00,718923008.9071183,631929,13506.19156,350741324.2920373,0.01921781680476853,0.37507102601543146
2023-09-08 00:00:00+00:00,392,BTCUSDT,1d,26255.0,26445.5,25647.26,25910.5,28999.76471,2023-09-08 23:59:59.999000+00:00,754184537.1096923,646852,14238.89945,370236844.4314076,-0.01312131022662355,0.3681821731696235
2023-09-09 00:00:00+00:00,393,BTCUSDT,1d,25910.5,25945.09,25796.64,25901.61,10980.62277,2023-09-09 23:59:59.999000+00:00,284109473.8075783,359038,5212.44349,134863388.7628859,-0.0003431041469674767,0.36809337985150115
2023-09-10 00:00:00+00:00,394,BTCUSDT,1d,25901.6,26033.66,25570.57,25841.61,18738.26914,2023-09-10 23:59:59.999000+00:00,483577459.20553446,489773,8747.51072,225752901.04035008,-0.002316458320544501,0.3678387176480928
2023-09-11 00:00:00+00:00,395,BTCUSDT,1d,25841.6,25900.69,24901.0,25162.52,41682.32,2023-09-11 23:59:59.999000+00:00,1057371884.6697066,864138,19664.90243,498821645.38522226,-0.026278935406888304,0.38328113308326983
2023-09-12 00:00:00+00:00,396,BTCUSDT,1d,25162.53,26567.0,25131.48,25840.1,56434.38537,2023-09-12 23:59:59.999000+00:00,1464393036.9616623,1047056,27720.5183,719147319.9787064,0.026928145511657675,0.40121087594412375
2023-09-13 00:00:00+00:00,397,BTCUSDT,1d,25840.1,26405.22,25764.17,26222.0,31610.82753,2023-09-13 23:59:59.999000+00:00,825437881.4687591,714880,15287.00038,399099781.6207648,0.01477935456906132,0.4014270784654803
2023-09-14 00:00:00+00:00,398,BTCUSDT,1d,26222.0,26860.49,26126.77,26522.73,38333.1725,2023-09-14 23:59:59.999000+00:00,1015267319.7730227,799278,19440.45467,514863794.3783894,0.011468614140797806,0.4020255861289763
2023-09-15 00:00:00+00:00,399,BTCUSDT,1d,26522.73,26888.0,26224.0,26600.0,26227.29369,2023-09-15 23:59:59.999000+00:00,695203258.0004445,654094,12600.39115,334045930.7667212,0.0029133501717206745,0.4013976161162668
2023-09-16 00:00:00+00:00,400,BTCUSDT,1d,26599.99,26777.0,26445.0,26559.67,13960.93351,2023-09-16 23:59:59.999000+00:00,370889866.4592735,526416,6508.91352,172926781.3888423,-0.001516165413533943,0.40138252254905693
2023-09-17 00:00:00+00:00,401,BTCUSDT,1d,26559.67,26623.25,26399.0,26527.51,12998.10277,2023-09-17 23:59:59.999000+00:00,344703727.5601071,476775,6359.89459,168675580.016463,-0.0012108584180451354,0.40139651680705274
2023-09-18 00:00:00+00:00,402,BTCUSDT,1d,26527.5,27409.0,26377.35,26762.51,43000.43256,2023-09-18 23:59:59.999000+00:00,1158780347.6253047,938705,21551.71605,580912488.7594309,0.00885872816559119,0.40273170506563627
2023-09-19 00:00:00+00:00,403,BTCUSDT,1d,26762.5,27483.57,26667.79,27210.26,36190.52187,2023-09-19 23:59:59.999000+00:00,981539255.55962,898076,17851.15558,484061308.12493294,0.016730493514995448,0.3156575857806622
2023-09-20 00:00:00+00:00,404,BTCUSDT,1d,27210.25,27388.63,26800.0,27125.0,34207.21867,2023-09-20 23:59:59.999000+00:00,927206075.9626272,867288,16983.43086,460402346.17078334,-0.0031333768953327734,0.3096793634923929
2023-09-21 00:00:00+00:00,405,BTCUSDT,1d,27125.01,27159.6,26377.7,26568.08,34476.82662,2023-09-21 23:59:59.999000+00:00,920768143.3513128,823416,16878.78202,450738363.8506985,-0.020531612903225693,0.2404232874916287
2023-09-22 00:00:00+00:00,406,BTCUSDT,1d,26568.08,26743.38,26468.77,26580.14,18198.2292,2023-09-22 23:59:59.999000+00:00,484331618.9485319,567149,8484.09679,225805692.72356927,0.00045392817245337724,0.23880421446182112
2023-09-23 00:00:00+00:00,407,BTCUSDT,1d,26580.14,26632.81,26509.0,26575.96,9440.7026,2023-09-23 23:59:59.999000+00:00,250873957.3886738,421717,4387.1973,116581214.130133,-0.00015726027026197187,0.23885515647335914
2023-09-24 00:00:00+00:00,408,BTCUSDT,1d,26575.97,26738.54,26122.08,26248.38,15706.65771,2023-09-24 23:59:59.999000+00:00,416368301.3736848,545045,7547.06342,200078452.01675767,-0.012326177492741452,0.24519135879501108
2023-09-25 00:00:00+00:00,409,BTCUSDT,1d,26248.39,26446.15,25990.46,26304.81,26266.2039,2023-09-25 23:59:59.999000+00:00,688252596.3809944,873488,12654.58207,331622453.1518055,0.0021498469619840588,0.24375339643223182
2023-09-26 00:00:00+00:00,410,BTCUSDT,1d,26304.8,26397.46,26088.34,26221.67,18495.35066,2023-09-26 23:59:59.999000+00:00,485217905.0421048,697727,8813.76144,231246870.5474588,-0.0031606386816709353,0.24418806626957673
2023-09-27 00:00:00+00:00,411,BTCUSDT,1d,26221.68,26850.0,26112.06,26372.99,34771.57978,2023-09-27 23:59:59.999000+00:00,918797815.048481,939690,16813.75506,444221386.42614096,0.005770799495226742,0.2448325101071322
2023-09-28 00:00:00+00:00,412,BTCUSDT,1d,26373.0,27308.48,26342.4,27021.39,44517.83491,2023-09-28 23:59:59.999000+00:00,1193420040.1309185,1158974,22463.19242,602340703.6015062,0.024585759900564774,0.25293131070554586
2023-09-29 00:00:00+00:00,413,BTCUSDT,1d,27021.39,27244.89,26665.16,26906.96,28478.76219,2023-09-29 23:59:59.999000+00:00,767827314.931909,878610,14409.35554,388591243.2591525,-0.004234793250828317,0.24620939760002317
2023-09-30 00:00:00+00:00,414,BTCUSDT,1d,26906.96,27094.99,26886.31,26962.56,12804.62307,2023-09-30 23:59:59.999000+00:00,345406056.6806953,534908,6221.24272,167818583.0599575,0.002066379851161315,0.2460176253271946
2023-10-01 00:00:00+00:00,415,BTCUSDT,1d,26962.57,28065.51,26954.09,27992.57,24602.81468,2023-10-01 23:59:59.999000+00:00,674657121.9944204,883593,12815.98694,351622961.4701274,0.03820149125305594,0.28755304250081964
2023-10-02 00:00:00+00:00,416,BTCUSDT,1d,27992.58,28580.0,27281.44,27494.51,57071.14241,2023-10-02 23:59:59.999000+00:00,1600944483.4902065,1464158,28423.61,797598852.4797783,-0.017792578530660186,0.27310029260914814
2023-10-03 00:00:00+00:00,417,BTCUSDT,1d,27494.51,27676.52,27160.5,27426.46,28928.96555,2023-10-03 23:59:59.999000+00:00,794301815.4265021,1202377,13562.03527,372402100.79675114,-0.0024750395624435484,0.25564292251273624
2023-10-04 00:00:00+00:00,418,BTCUSDT,1d,27426.45,27839.72,27202.0,27778.57,29816.142,2023-10-04 23:59:59.999000+00:00,820421385.2557852,1188381,15077.70185,414806576.3484014,0.012838332034101452,0.25412396563244044
2023-10-05 00:00:00+00:00,419,BTCUSDT,1d,27778.57,28120.39,27352.0,27410.39,30681.49619,2023-10-05 23:59:59.999000+00:00,849415594.0472504,1210397,14985.99405,415039706.5866476,-0.013254101993011136,0.25963458541067674
2023-10-06 00:00:00+00:00,420,BTCUSDT,1d,27410.39,28295.0,27175.94,27931.09,37983.24277,2023-10-06 23:59:59.999000+00:00,1052864393.8176136,1326700,19091.24006,529241188.55736893,0.01899644623808716,0.26952564054281825
2023-10-07 00:00:00+00:00,421,BTCUSDT,1d,27931.1,28029.67,27842.08,27956.67,13348.83825,2023-10-07 23:59:59.999000+00:00,372820279.52314305,641623,6392.35089,178534947.7787839,0.0009158253401495564,0.2690674642608537
2023-10-08 00:00:00+00:00,422,BTCUSDT,1d,27956.67,28095.14,27687.5,27917.05,19693.56921,2023-10-08 23:59:59.999000+00:00,549839951.4800811,822730,9216.08271,257333249.5330772,-0.0014171931063320375,0.2691212950802856
2023-10-09 00:00:00+00:00,423,BTCUSDT,1d,27917.06,27987.93,27260.0,27590.12,31534.74639,2023-10-09 23:59:59.999000+00:00,870014634.3621609,1156525,15077.43003,415887241.10445,-0.01171076456860598,0.2739107506439424
2023-10-10 00:00:00+00:00,424,BTCUSDT,1d,27590.12,27735.0,27298.0,27390.12,22776.84383,2023-10-10 23:59:59.999000+00:00,626258724.2775784,1002272,10851.22317,298354384.6981499,-0.007248971733359588,0.26783062234178784
2023-10-11 00:00:00+00:00,425,BTCUSDT,1d,27390.12,27477.39,26538.66,26875.52,37349.44706,2023-10-11 23:59:59.999000+00:00,1007065585.9346406,1336479,17460.0774,470620209.78574467,-0.018787796475517426,0.27931212835955754
2023-10-12 00:00:00+00:00,426,BTCUSDT,1d,26875.52,26947.04,26555.0,26759.63,23428.64112,2023-10-12 23:59:59.999000+00:00,626909068.3868717,1066082,11128.85943,297794983.5412317,-0.004312102612340163,0.26576948540942413
2023-10-13 00:00:00+00:00,427,BTCUSDT,1d,26759.63,27130.0,26685.0,26862.0,24115.76499,2023-10-13 23:59:59.999000+00:00,647553796.3580662,1035322,11209.65389,301049285.742293,0.0038255386939205493,0.2661456897156661
2023-10-14 00:00:00+00:00,428,BTCUSDT,1d,26862.0,26989.58,26789.0,26852.48,10417.25576,2023-10-14 23:59:59.999000+00:00,280059019.0534013,517837,4378.85219,117730324.8186729,-0.00035440399076769324,0.2661571137729907
2023-10-15 00:00:00+00:00,429,BTCUSDT,1d,26852.48,27293.33,26808.25,27154.15,15274.6917,2023-10-15 23:59:59.999000+00:00,412673965.3439348,682942,7802.69243,210833694.13443273,0.011234344090378379,0.2634103923590869
2023-10-16 00:00:00+00:00,430,BTCUSDT,1d,27154.14,30000.0,27112.66,28500.78,78399.22445,2023-10-16 23:59:59.999000+00:00,2210785548.236096,2289339,40738.04173,1148700588.6793344,0.04959205130707445,0.33056491423106255
2023-10-17 00:00:00+00:00,431,BTCUSDT,1d,28500.77,28613.65,28069.32,28395.91,38428.44532,2023-10-17 23:59:59.999000+00:00,1090741746.4830873,1345810,18994.06799,539218488.3415859,-0.003679548419376566,0.3307760812917766
2023-10-18 00:00:00+00:00,432,BTCUSDT,1d,28395.91,28982.36,28142.87,28320.0,32162.47591,2023-10-18 23:59:59.999000+00:00,914773525.1527581,1215235,15590.14442,443515753.8170772,-0.00267327231280845,0.33179532733488687
2023-10-19 00:00:00+00:00,433,BTCUSDT,1d,28320.0,28916.89,28100.66,28713.71,35895.50179,2023-10-19 23:59:59.999000+00:00,1023984017.0322788,1330256,18427.23743,525695852.56325006,0.013902189265536657,0.32228050546738296
2023-10-20 00:00:00+00:00,434,BTCUSDT,1d,28713.71,30207.55,28578.29,29669.04,59422.0992,2023-10-20 23:59:59.999000+00:00,1753411192.5510907,1915748,29466.75927,869634841.3281221,0.0332708660775638,0.34404759487096
2023-10-21 00:00:00+00:00,435,BTCUSDT,1d,29669.05,30379.99,29464.77,29909.8,27517.51897,2023-10-21 23:59:59.999000+00:00,821964508.4353629,1152137,13836.12444,413323530.3421796,0.00811485642946308,0.34408947055039973
2023-10-22 00:00:00+00:00,436,BTCUSDT,1d,29909.8,30248.0,29640.0,29992.46,22852.54563,2023-10-22 23:59:59.999000+00:00,683854827.8969324,1008299,11161.46844,334011129.2314961,0.002763642685674972,0.31211283226673164
2023-10-23 00:00:00+00:00,437,BTCUSDT,1d,29992.46,34741.91,29883.6,33069.99,93513.64246,2023-10-23 23:59:59.999000+00:00,2941620022.865188,2839938,47839.23087,1505815243.5676997,0.10261012267749958,0.5061372383851762
2023-10-24 00:00:00+00:00,438,BTCUSDT,1d,33069.99,35280.0,32832.34,33922.73,115265.02418,2023-10-24 23:59:59.999000+00:00,3933194868.1611967,2850160,57409.31981,1959449469.465793,0.02578591647593509,0.5080011650991129
2023-10-25 00:00:00+00:00,439,BTCUSDT,1d,33922.73,35132.85,33679.05,34496.05,54887.02529,2023-10-25 23:59:59.999000+00:00,1888210825.6063828,1643976,26150.50377,900236395.3726264,0.0169007624091575,0.5086249835585691
2023-10-26 00:00:00+00:00,440,BTCUSDT,1d,34496.05,34824.13,33751.0,34151.66,39744.66255,2023-10-26 23:59:59.999000+00:00,1363077907.10912,1382785,18528.43061,635547858.4928182,-0.009983461874620403,0.5059910872427883
2023-10-27 00:00:00+00:00,441,BTCUSDT,1d,34151.66,34245.0,33390.95,33892.02,32330.40106,2023-10-27 23:59:59.999000+00:00,1096889423.419842,1112240,14310.32429,485405697.92440146,-0.007602558704320916,0.5103040133247969
2023-10-28 00:00:00+00:00,442,BTCUSDT,1d,33892.01,34493.33,33860.0,34081.0,16880.13144,2023-10-28 23:59:59.999000+00:00,575936523.347353,607438,8313.30759,283656619.58636194,0.005575943835746777,0.5092290163890123
2023-10-29 00:00:00+00:00,443,BTCUSDT,1d,34081.01,34750.11,33930.0,34525.89,20685.52176,2023-10-29 23:59:59.999000+00:00,711652985.1790963,717480,10053.96096,345933681.79684675,0.013053901000557477,0.5069802377047414
2023-10-30 00:00:00+00:00,444,BTCUSDT,1d,34525.88,34856.0,34062.84,34474.73,33657.95976,2023-10-30 23:59:59.999000+00:00,1159771907.6421053,1117727,15237.56781,525162190.5371194,-0.0014817865665446295,0.5005586532553455
2023-10-31 00:00:00+00:00,445,BTCUSDT,1d,34474.74,34720.49,34025.0,34639.77,32737.89822,2023-10-31 23:59:59.999000+00:00,1125442444.4884882,1179053,15843.795,544722903.4968481,0.004787274621149917,0.4950455555445181
2023-11-01 00:00:00+00:00,446,BTCUSDT,1d,34639.78,35582.0,34097.39,35421.43,53473.28165,2023-11-01 23:59:59.999000+00:00,1856348820.4794536,1624635,25779.0029,895387891.4676665,0.022565392322177802,0.4785414935681691
2023-11-02 00:00:00+00:00,447,BTCUSDT,1d,35421.43,35984.99,34300.0,34941.59,48015.57732,2023-11-02 23:59:59.999000+00:00,1686141698.092171,1450837,23303.3535,818365718.954931,-0.013546601591183705,0.4863067165724703
2023-11-03 00:00:00+00:00,448,BTCUSDT,1d,34941.58,34946.5,34120.0,34716.78,39071.20644,2023-11-03 23:59:59.999000+00:00,1347962831.5658624,1237373,19168.85669,661176167.7749345,-0.006433880083877019,0.4917202838182133
2023-11-04 00:00:00+00:00,449,BTCUSDT,1d,34716.78,35255.0,34585.18,35062.07,18377.55545,2023-11-04 23:59:59.999000+00:00,639958598.4198353,794787,9229.16649,321479754.9172934,0.009945910882288134,0.48863696922743605
2023-11-05 00:00:00+00:00,450,BTCUSDT,1d,35062.06,35380.0,34448.0,35011.88,24528.73376,2023-11-05 23:59:59.999000+00:00,859350974.0014893,1038468,11870.33193,415912075.9000027,-0.0014314614054447006,0.49234959301339815
2023-11-06 00:00:00+00:00,451,BTCUSDT,1d,35011.89,35276.33,34725.9,35046.09,22346.47086,2023-11-06 23:59:59.999000+00:00,782427702.2653205,988246,10770.27727,377126281.15309054,0.00097709691681791,0.4665077527856208
2023-11-07 00:00:00+00:00,452,BTCUSDT,1d,35046.09,35888.0,34523.06,35399.12,38688.73692,2023-11-07 23:59:59.999000+00:00,1358031361.1978528,1352796,19375.26868,680382009.6599416,0.010073306323187703,0.4625670800321095
2023-11-08 00:00:00+00:00,453,BTCUSDT,1d,35399.13,36106.0,35100.0,35624.72,33401.34137,2023-11-08 23:59:59.999000+00:00,1185492160.4927278,1132568,17192.8245,610314635.3798897,0.006373039781779832,0.4592777579220703
2023-11-09 00:00:00+00:00,454,BTCUSDT,1d,35624.72,37972.24,35534.05,36701.09,82537.88885,2023-11-09 23:59:59.999000+00:00,3033417922.7826815,2138765,42156.81236,1550254981.0451877,0.030214132209319677,0.4659835695190972
2023-11-10 00:00:00+00:00,455,BTCUSDT,1d,36701.1,37526.0,36324.71,37301.63,43414.04898,2023-11-10 23:59:59.999000+00:00,1605069174.5241032,1297729,21388.56879,790671818.768367,0.016363001752808914,0.45716308782619125
2023-11-11 00:00:00+00:00,456,BTCUSDT,1d,37301.63,37408.26,36666.93,37130.0,22984.97235,2023-11-11 23:59:59.999000+00:00,851924612.7339427,923300,10728.65792,397673179.6679197,-0.004601139414014854,0.461789813346855
2023-11-12 00:00:00+00:00,457,BTCUSDT,1d,37129.99,37222.22,36731.1,37064.13,17687.18874,2023-11-12 23:59:59.999000+00:00,655570813.1382711,810885,8506.46051,315285367.544748,-0.0017740371667116506,0.46358175931256335
2023-11-13 00:00:00+00:00,458,BTCUSDT,1d,37064.13,37417.99,36333.0,36462.93,32798.18252,2023-11-13 23:59:59.999000+00:00,1208037462.3041444,1217191,15442.44512,568916594.9113175,-0.016220534516795504,0.24574166602045824
2023-11-14 00:00:00+00:00,459,BTCUSDT,1d,36462.93,36744.0,34800.0,35551.19,45503.68416,2023-11-14 23:59:59.999000+00:00,1639130785.08681,1404428,21205.18615,763841642.8808781,-0.025004573137704433,0.25731331291169923
2023-11-15 00:00:00+00:00,460,BTCUSDT,1d,35551.2,37980.0,35360.0,37858.2,53569.13385,2023-11-15 23:59:59.999000+00:00,1963249656.5094736,1545427,28142.1424,1031669501.9934208,0.06489262384747163,0.3630164753463454
2023-11-16 00:00:00+00:00,461,BTCUSDT,1d,37858.2,37929.54,35500.0,36163.51,47490.39566,2023-11-16 23:59:59.999000+00:00,1744503339.0151725,1542446,22214.04928,815932555.1331267,-0.044764146208747246,0.413918857950322
2023-11-17 00:00:00+00:00,462,BTCUSDT,1d,36163.51,36800.0,35861.1,36613.92,38283.61112,2023-11-17 23:59:59.999000+00:00,1391225051.1923273,1349322,18403.36411,668865883.1417465,0.012454819789339933,0.4130318419506651
2023-11-18 00:00:00+00:00,463,BTCUSDT,1d,36613.91,36845.49,36178.58,36568.1,17102.24186,2023-11-18 23:59:59.999000+00:00,624434069.5256634,784498,8101.54756,295795105.4300323,-0.0012514366120863762,0.41350845505047407
2023-11-19 00:00:00+00:00,464,BTCUSDT,1d,36568.11,37500.0,36384.02,37359.86,21246.34648,2023-11-19 23:59:59.999000+00:00,781531839.4371592,862400,10575.25293,389089868.806342,0.021651658139197894,0.4186251141963836
2023-11-20 00:00:00+00:00,465,BTCUSDT,1d,37359.85,37750.0,36677.0,37448.78,36022.70291,2023-11-20 23:59:59.999000+00:00,1343722642.386475,1485050,17591.22652,656245983.7397183,0.0023800945720888755,0.4180130634717544
2023-11-21 00:00:00+00:00,466,BTCUSDT,1d,37448.79,37649.44,35735.0,35741.65,47646.54804,2023-11-21 23:59:59.999000+00:00,1756747495.9818547,1936895,22371.42068,824920009.55786,-0.04558573069670091,0.4665942141105175
2023-11-22 00:00:00+00:00,467,BTCUSDT,1d,35741.65,37861.1,35632.01,37408.34,45051.30697,2023-11-22 23:59:59.999000+00:00,1657141022.427348,1648374,23046.71174,847145468.3259536,0.046631590875071405,0.4960235944203983
2023-11-23 00:00:00+00:00,468,BTCUSDT,1d,37408.35,37653.44,36870.0,37294.28,23827.92882,2023-11-23 23:59:59.999000+00:00,888826648.8541473,992284,11086.35132,413539343.94482046,-0.003049052697874255,0.49157397892314714
2023-11-24 00:00:00+00:00,469,BTCUSDT,1d,37294.27,38414.0,37251.51,37713.57,44680.80646,2023-11-24 23:59:59.999000+00:00,1688715728.079148,1379414,22349.17236,844803081.6321824,0.011242742854936427,0.4906297341955346
2023-11-25 00:00:00+00:00,470,BTCUSDT,1d,37713.57,37888.0,37591.1,37780.67,11396.14464,2023-11-25 23:59:59.999000+00:00,430165251.7609749,569448,5153.91116,194536221.28509408,0.001779200431038408,0.4900843795339717
2023-11-26 00:00:00+00:00,471,BTCUSDT,1d,37780.67,37814.63,37150.0,37447.43,21264.53723,2023-11-26 23:59:59.999000+00:00,797321193.5893991,848020,10204.51641,382571274.04607826,-0.008820383545342092,0.4925063008640241
2023-11-27 00:00:00+00:00,472,BTCUSDT,1d,37447.42,37569.23,36707.0,37242.7,30001.07376,2023-11-27 23:59:59.999000+00:00,1112557435.2767923,1238017,14458.63822,536129095.56684417,-0.005467130855174918,0.49384497012803896
2023-11-28 00:00:00+00:00,473,BTCUSDT,1d,37242.7,38377.0,36868.41,37818.87,37544.46667,2023-11-28 23:59:59.999000+00:00,1414360251.6823456,1272779,18168.56198,684514270.9388716,0.0154706828452289,0.4957219761327371
2023-11-29 00:00:00+00:00,474,BTCUSDT,1d,37818.88,38450.0,37570.0,37854.64,32994.19107,2023-11-29 23:59:59.999000+00:00,1252586505.66259,1131353,15588.96473,591917955.4743968,0.0009458241348827556,0.49565873679783984
2023-11-30 00:00:00+00:00,475,BTCUSDT,1d,37854.65,38145.85,37500.0,37723.96,24740.29147,2023-11-30 23:59:59.999000+00:00,934491058.9608141,1007791,11484.45424,433772722.50456333,-0.0034521527611939273,0.48187016433310553
2023-12-01 00:00:00+00:00,476,BTCUSDT,1d,37723.97,38999.0,37615.86,38682.52,43415.66324,2023-12-01 23:59:59.999000+00:00,1669750777.6239815,1523417,22408.27301,861977420.1631953,0.025409845625962824,0.4883572507057322
2023-12-02 00:00:00+00:00,477,BTCUSDT,1d,38682.51,39717.14,38641.61,39450.35,26696.92161,2023-12-02 23:59:59.999000+00:00,1043421976.7660652,1034690,13166.65386,514763687.5746009,0.019849534104810163,0.49290531442149754
2023-12-03 00:00:00+00:00,478,BTCUSDT,1d,39450.35,40250.0,39274.86,39972.26,26710.65335,2023-12-03 23:59:59.999000+00:00,1059860641.0494444,1151524,13333.29632,529259227.1675092,0.013229540422328379,0.49410644540742443
2023-12-04 00:00:00+00:00,479,BTCUSDT,1d,39972.26,42420.0,39972.26,41991.1,79272.33059,2023-12-04 23:59:59.999000+00:00,3285736844.1408806,2112219,38595.61905,1599710862.0871768,0.05050602592898157,0.5219920563716463
2023-12-05 00:00:00+00:00,480,BTCUSDT,1d,41991.1,44488.0,41414.0,44073.32,67490.74644,2023-12-05 23:59:59.999000+00:00,2890205389.4901266,2072700,34815.80813,1491813847.238968,0.04958717442505667,0.5308302495874989
2023-12-06 00:00:00+00:00,481,BTCUSDT,1d,44073.82,44297.21,43335.28,43762.69,51431.10492,2023-12-06 23:59:59.999000+00:00,2256979505.594805,1876282,25092.62492,1101273363.0864296,-0.007048028149456376,0.4788548140236925
2023-12-07 00:00:00+00:00,482,BTCUSDT,1d,43762.69,44047.33,42821.1,43273.14,47103.26845,2023-12-07 23:59:59.999000+00:00,2046945851.8836448,1414759,22635.67672,983629776.4938614,-0.011186469570312108,0.43032843230484313
2023-12-08 00:00:00+00:00,483,BTCUSDT,1d,43273.15,44700.0,43081.1,44170.99,42900.37556,2023-12-08 23:59:59.999000+00:00,1875581755.4469104,1311268,20818.67861,910357262.894073,0.02074843655902936,0.4329868047985786
2023-12-09 00:00:00+00:00,484,BTCUSDT,1d,44171.0,44358.02,43584.51,43713.6,24925.97008,2023-12-09 23:59:59.999000+00:00,1096487106.5648339,987352,11598.00774,510255993.8680859,-0.010354986383596998,0.4386304792334264
2023-12-10 00:00:00+00:00,485,BTCUSDT,1d,43713.59,44049.0,43563.0,43789.51,18956.61758,2023-12-10 23:59:59.999000+00:00,830485162.5569534,830667,8841.90643,387376075.3824843,0.0017365305076681992,0.43581741744783703
2023-12-11 00:00:00+00:00,486,BTCUSDT,1d,43789.5,43804.5,40222.0,41253.4,76663.89804,2023-12-11 23:59:59.999000+00:00,3205540835.5114336,2087142,36499.24269,1525642878.1521034,-0.05791592552645597,0.5149119193283519
2023-12-12 00:00:00+00:00,487,BTCUSDT,1d,41253.41,42104.12,40680.0,41492.39,42722.69773,2023-12-12 23:59:59.999000+00:00,1773961284.3375635,1526411,21394.91158,888438328.8915346,0.005793219467971067,0.46499222137001933
2023-12-13 00:00:00+00:00,488,BTCUSDT,1d,41492.38,43475.2,40555.0,42869.03,45865.99773,2023-12-13 23:59:59.999000+00:00,1919703389.4848804,1724659,22354.97386,935785466.0225856,0.033178132182793085,0.44733035124284315
2023-12-14 00:00:00+00:00,489,BTCUSDT,1d,42869.03,43420.0,41400.0,43022.26,42047.05709,2023-12-14 23:59:59.999000+00:00,1798740625.30166,1599536,20579.79343,880356342.3815118,0.0035743752541170792,0.4455255198632933
2023-12-15 00:00:00+00:00,490,BTCUSDT,1d,43022.26,43080.81,41666.0,41940.3,33421.7932,2023-12-15 23:59:59.999000+00:00,1416898938.5099788,1323628,16321.13654,691713304.7485888,-0.02514884155318664,0.46474729517501817
2023-12-16 00:00:00+00:00,491,BTCUSDT,1d,41940.29,42724.43,41605.0,42278.03,24118.85747,2023-12-16 23:59:59.999000+00:00,1020469627.8857332,1180886,12193.50511,515909440.9100929,0.008052636724105389,0.4646027825544545
2023-12-17 00:00:00+00:00,492,BTCUSDT,1d,42278.02,42424.07,41252.0,41374.65,27722.11452,2023-12-17 23:59:59.999000+00:00,1161963642.9627964,1227634,13245.86404,555309260.127941,-0.02136759919986808,0.47457344464339885
2023-12-18 00:00:00+00:00,493,BTCUSDT,1d,41374.64,42757.81,40542.93,42657.8,46734.0925,2023-12-18 23:59:59.999000+00:00,1936003306.0825727,1741647,23255.79871,963775419.5731498,0.03101295116695857,0.4840877013496055
2023-12-19 00:00:00+00:00,494,BTCUSDT,1d,42657.8,43497.0,41811.1,42275.99,40927.86444,2023-12-19 23:59:59.999000+00:00,1747830242.4615936,1609188,20163.65946,861082883.3110158,-0.00895053190741213,0.48679605823139416
2023-12-20 00:00:00+00:00,495,BTCUSDT,1d,42275.99,44283.0,42206.0,43668.93,48710.2947,2023-12-20 23:59:59.999000+00:00,2115813869.7796192,1934588,23912.13682,1038694005.77614,0.03294872574243679,0.49930130959879493
2023-12-21 00:00:00+00:00,496,BTCUSDT,1d,43668.92,44242.35,43286.72,43861.8,34624.29384,2023-12-21 23:59:59.999000+00:00,1514529919.1877797,1500702,17058.89545,746266380.7692404,0.004416641305385882,0.4973250608665907
2023-12-22 00:00:00+00:00,497,BTCUSDT,1d,43861.79,44398.26,43412.54,43969.04,32783.19638,2023-12-22 23:59:59.999000+00:00,1436074497.5128598,1404109,16049.22275,703199211.0393196,0.0024449520995490914,0.4914357882556701
2023-12-23 00:00:00+00:00,498,BTCUSDT,1d,43969.04,43988.68,43291.1,43702.16,16557.1293,2023-12-23 23:59:59.999000+00:00,722943825.3332176,849658,7765.30564,339046509.1677196,-0.006069725424980743,0.4904015222269428
2023-12-24 00:00:00+00:00,499,BTCUSDT,1d,43702.15,43946.0,42500.0,42991.5,25144.33496,2023-12-24 23:59:59.999000+00:00,1093460634.889423,1137678,11841.26614,514962029.1783347,-0.016261438793872096,0.49695710017596484
2023-12-25 00:00:00+00:00,500,BTCUSDT,1d,42991.5,43802.32,42720.43,43576.13,27021.23992,2023-12-25 23:59:59.999000+00:00,1172053386.5109816,1168428,13691.2393,593900885.8031462,0.013598734633590404,0.45575947107226505
2023-12-26 00:00:00+00:00,501,BTCUSDT,1d,43576.12,43592.68,41637.6,42508.93,41010.04282,2023-12-26 23:59:59.999000+00:00,1746333612.3049452,1475816,21096.16634,898267435.237983,-0.024490472192000512,0.4177659504926149
2023-12-27 00:00:00+00:00,502,BTCUSDT,1d,42508.93,43677.0,42098.69,43428.85,36191.21136,2023-12-27 23:59:59.999000+00:00,1554082990.052276,1439770,18982.83267,815239612.617364,0.021640629392459365,0.427800789232578
2023-12-28 00:00:00+00:00,503,BTCUSDT,1d,43428.86,43787.57,42241.79,42563.76,35150.52485,2023-12-28 23:59:59.999000+00:00,1508408742.378081,1391826,17422.8191,747631903.0553988,-0.01991970775187457,0.43343456183222834
2023-12-29 00:00:00+00:00,504,BTCUSDT,1d,42563.76,43111.0,41300.0,42066.95,42597.18912,2023-12-29 23:59:59.999000+00:00,1803086285.2465773,1571137,21195.34128,897324724.7968955,-0.011672136108276221,0.42537420584551194
2023-12-30 00:00:00+00:00,505,BTCUSDT,1d,42066.94,42612.32,41520.3,42140.28,22906.57818,2023-12-30 23:59:59.999000+00:00,964875790.984935,936545,11727.69648,494133887.90718114,0.0017431736790995966,0.42406915354542235
2023-12-31 00:00:00+00:00,506,BTCUSDT,1d,42140.29,42899.0,41965.84,42283.58,23585.91603,2023-12-31 23:59:59.999000+00:00,1001519241.5559053,1016484,11997.14865,509478742.7445108,0.0034005469351414686,0.42435810360590015
2024-01-01 00:00:00+00:00,507,BTCUSDT,1d,42283.58,44184.1,42180.77,44179.55,27174.29903,2024-01-01 23:59:59.999000+00:00,1169995682.0280013,1114623,14331.7318,617352094.5605193,0.04483939155577654,0.3895357111736356
2024-01-02 00:00:00+00:00,508,BTCUSDT,1d,44179.55,45879.63,44148.34,44946.91,65146.40661,2024-01-02 23:59:59.999000+00:00,2944331821.823076,2247532,33817.14447,1527964124.2375848,0.017369122139089255,0.39376502093533744
2024-01-03 00:00:00+00:00,509,BTCUSDT,1d,44946.91,45500.0,40750.0,42845.23,81194.55173,2024-01-03 23:59:59.999000+00:00,3507104563.744232,2658041,39103.99162,1687665202.9513144,-0.04675916542427505,0.4254744329473102
2024-01-04 00:00:00+00:00,510,BTCUSDT,1d,42845.23,44729.58,42613.77,44151.1,48038.06334,2024-01-04 23:59:59.999000+00:00,2095095359.4936347,1819944,23605.90059,1030075267.839013,0.030478772082679795,0.4437497599333569
2024-01-05 00:00:00+00:00,511,BTCUSDT,1d,44151.1,44357.46,42450.0,44145.11,48075.25327,2024-01-05 23:59:59.999000+00:00,2100953924.3687155,2064845,24015.06426,1049655019.1400094,-0.00013567045894657959,0.42833038689519953
2024-01-06 00:00:00+00:00,512,BTCUSDT,1d,44145.12,44214.42,43397.05,43968.32,17835.06144,2024-01-06 23:59:59.999000+00:00,781212883.4916061,956642,9048.57073,396341787.3638776,-0.00400474707164622,0.42852087318225346
2024-01-07 00:00:00+00:00,513,BTCUSDT,1d,43968.32,44480.59,43572.09,43929.02,23023.8508,2024-01-07 23:59:59.999000+00:00,1014635096.1241482,1109259,11613.52347,511871007.52582633,-0.0008938253724500855,0.4163806663896066
2024-01-08 00:00:00+00:00,514,BTCUSDT,1d,43929.01,47248.99,43175.0,46951.04,72814.57589,2024-01-08 23:59:59.999000+00:00,3298772150.6815076,2364464,38728.8053,1755312207.6681833,0.06879324874536241,0.48651504646007226
2024-01-09 00:00:00+00:00,515,BTCUSDT,1d,46951.04,47972.0,44748.67,46110.0,69927.66617,2024-01-09 23:59:59.999000+00:00,3251442072.8083963,2637745,34825.45429,1620151226.3362696,-0.01791312822889546,0.49256277424072903
2024-01-10 00:00:00+00:00,516,BTCUSDT,1d,46110.0,47695.93,44300.36,46653.99,89911.41203,2024-01-10 23:59:59.999000+00:00,4123809481.712767,3133588,46910.79439,2153126701.352164,0.011797657774886172,0.4779081172738594
2024-01-11 00:00:00+00:00,517,BTCUSDT,1d,46654.0,48969.48,45606.06,46339.16,87470.3296,2024-01-11 23:59:59.999000+00:00,4105139605.028302,2998451,44076.1683,2070467939.6599925,-0.006748190240534524,0.47975819683216436
2024-01-12 00:00:00+00:00,518,BTCUSDT,1d,46339.16,46515.53,41500.0,42782.73,86327.93707,2024-01-12 23:59:59.999000+00:00,3827483735.576057,2809192,41707.58066,1850840878.9778297,-0.07674783056058854,0.5835532320213213
2024-01-13 00:00:00+00:00,519,BTCUSDT,1d,42782.74,43257.0,42436.12,42847.99,36118.47464,2024-01-13 23:59:59.999000+00:00,1547370611.5531662,1434243,17748.09824,760432218.245455,0.0015253818538460973,0.5831735329162165
2024-01-14 00:00:00+00:00,520,BTCUSDT,1d,42847.99,43079.0,41720.0,41732.35,28228.40894,2024-01-14 23:59:59.999000+00:00,1202212782.257693,1235727,13690.30843,583261659.738576,-0.0260371606696137,0.5893883778452843
2024-01-15 00:00:00+00:00,521,BTCUSDT,1d,41732.35,43400.43,41718.05,42511.1,40269.89303,2024-01-15 23:59:59.999000+00:00,1718982911.1081028,1657611,19924.7603,849997411.0875828,0.018660583456239666,0.5920419061643932
2024-01-16 00:00:00+00:00,522,BTCUSDT,1d,42511.1,43578.01,42050.0,43137.95,45045.74589,2024-01-16 23:59:59.999000+00:00,1931947150.0590703,1716580,24064.55667,1031525441.9352084,0.014745560571238991,0.5858547471747647
2024-01-17 00:00:00+00:00,523,BTCUSDT,1d,43137.94,43198.0,42200.69,42776.1,33266.21388,2024-01-17 23:59:59.999000+00:00,1419888430.9228892,1438172,16648.20529,710532768.047578,-0.008388205744593757,0.5800349772536652
2024-01-18 00:00:00+00:00,524,BTCUSDT,1d,42776.09,42930.0,40683.28,41327.5,43907.51641,2024-01-18 23:59:59.999000+00:00,1839426541.2635791,1466087,21085.14336,883292634.2063637,-0.0338647048234878,0.5914535647049071
2024-01-19 00:00:00+00:00,525,BTCUSDT,1d,41327.51,42196.86,40280.0,41659.03,48342.74559,2024-01-19 23:59:59.999000+00:00,1993846466.538752,1641428,24347.5002,1004478721.3792056,0.008022019236585853,0.5906322710921327
2024-01-20 00:00:00+00:00,526,BTCUSDT,1d,41659.03,41872.56,41456.3,41696.04,15923.99493,2024-01-20 23:59:59.999000+00:00,662768008.1509343,807324,7557.36632,314535141.9955636,0.0008884028264701804,0.5905968330142239
2024-01-21 00:00:00+00:00,527,BTCUSDT,1d,41696.05,41881.39,41500.98,41580.33,11730.16301,2024-01-21 23:59:59.999000+00:00,489151571.0309043,657817,5576.56045,232552207.16073287,-0.00277508367701107,0.590500253524699
2024-01-22 00:00:00+00:00,528,BTCUSDT,1d,41580.32,41689.65,39431.58,39568.02,55426.19911,2024-01-22 23:59:59.999000+00:00,2247452153.7954326,2147250,26788.13985,1086650848.0670524,-0.048395719803089654,0.5882423541385031
2024-01-23 00:00:00+00:00,529,BTCUSDT,1d,39568.02,40176.74,38555.0,39897.6,57956.63351,2024-01-23 23:59:59.999000+00:00,2275851990.6468267,2043925,30913.97177,1214417243.6964118,0.008329453937801379,0.5832163097118439
2024-01-24 00:00:00+00:00,530,BTCUSDT,1d,39897.59,40555.0,39484.19,40084.88,39293.82861,2024-01-24 23:59:59.999000+00:00,1569704923.8307493,1675615,20673.05725,825887009.4744226,0.004694016682707636,0.5550911457690011
2024-01-25 00:00:00+00:00,531,BTCUSDT,1d,40084.89,40300.24,39550.0,39961.09,31022.11853,2024-01-25 23:59:59.999000+00:00,1238813296.1526136,1291233,15685.24919,626369240.3733964,-0.003088196846292135,0.5357103018674716
2024-01-26 00:00:00+00:00,532,BTCUSDT,1d,39961.09,42246.82,39822.52,41823.51,47384.96726,2024-01-26 23:59:59.999000+00:00,1951700659.289807,1624861,24674.75551,1016105199.7171212,0.04660583582680067,0.5763366423973955
2024-01-27 00:00:00+00:00,533,BTCUSDT,1d,41823.51,42200.0,41394.34,42120.63,16224.41667,2024-01-27 23:59:59.999000+00:00,678418702.3509445,751148,7485.64978,312938659.24802434,0.007104138318376307,0.5775378329813584
2024-01-28 00:00:00+00:00,534,BTCUSDT,1d,42120.63,42842.68,41620.81,42031.06,27294.99838,2024-01-28 23:59:59.999000+00:00,1154365891.668259,1032493,12971.1882,548670338.639401,-0.0021265114030820653,0.5775330315073934
2024-01-29 00:00:00+00:00,535,BTCUSDT,1d,42031.05,43333.0,41804.88,43302.7,31542.74207,2024-01-29 23:59:59.999000+00:00,1343462280.3618684,1197856,15996.88627,681504721.3585126,0.03025476873531141,0.5101485559215092
2024-01-30 00:00:00+00:00,536,BTCUSDT,1d,43302.71,43882.36,42683.99,42941.1,37619.24546,2024-01-30 23:59:59.999000+00:00,1633251085.6713595,1316610,19317.29993,838876408.4556684,-0.008350518558888909,0.5067637697132482
2024-01-31 00:00:00+00:00,537,BTCUSDT,1d,42941.1,43745.11,42276.84,42580.0,39871.13688,2024-01-31 23:59:59.999000+00:00,1711665577.0530825,1499559,20289.94825,871009715.1702206,-0.008409193057467013,0.5029523148292194
2024-02-01 00:00:00+00:00,538,BTCUSDT,1d,42580.0,43285.13,41884.28,43082.94,35231.04664,2024-02-01 23:59:59.999000+00:00,1497121440.644002,1392269,18134.84304,770635549.4842126,0.011811648661343321,0.5070401873201292
2024-02-02 00:00:00+00:00,539,BTCUSDT,1d,43082.95,43488.0,42546.79,43200.0,29672.14418,2024-02-02 23:59:59.999000+00:00,1277919437.2905612,1086342,15645.5711,673834785.747791,0.0027170847671955656,0.39152579991088615
2024-02-03 00:00:00+00:00,540,BTCUSDT,1d,43199.99,43380.01,42880.0,43011.09,12033.40998,2024-02-03 23:59:59.999000+00:00,518775350.03360087,609962,5691.78572,245377398.51059568,-0.004372916666666726,0.39206055630784375
2024-02-04 00:00:00+00:00,541,BTCUSDT,1d,43011.1,43119.04,42222.0,42582.88,17066.89404,2024-02-04 23:59:59.999000+00:00,730999557.7083682,931235,8427.12671,360928641.05977213,-0.00995580442160382,0.3777552571932657
2024-02-05 00:00:00+00:00,542,BTCUSDT,1d,42582.88,43569.76,42258.1,42708.7,29467.75905,2024-02-05 23:59:59.999000+00:00,1262620640.5407171,1317397,14984.06962,642077579.5827268,0.0029547085589325395,0.3700636354901137
2024-02-06 00:00:00+00:00,543,BTCUSDT,1d,42708.7,43399.98,42574.0,43098.95,24675.85433,2024-02-06 23:59:59.999000+00:00,1061049582.6002768,1120760,12810.98205,550866463.7409194,0.009137482526979213,0.36682050095775887
2024-02-07 00:00:00+00:00,544,BTCUSDT,1d,43098.96,44396.5,42788.0,44349.6,34392.59915,2024-02-07 23:59:59.999000+00:00,1496013692.382922,1378809,17755.87738,772721372.4443885,0.029018108329785353,0.38372259231149725
2024-02-08 00:00:00+00:00,545,BTCUSDT,1d,44349.6,45614.3,44331.1,45288.65,45439.62231,2024-02-08 23:59:59.999000+00:00,2042912128.1517663,1863650,22731.52397,1021963499.8003352,0.021173809910348673,0.357795393690367
2024-02-09 00:00:00+00:00,546,BTCUSDT,1d,45288.66,48200.0,45242.12,47132.77,73503.481,2024-02-09 23:59:59.999000+00:00,3453043306.420976,2323884,37360.96419,1754880225.38021,0.04071925305788526,0.38827968506448385
2024-02-10 00:00:00+00:00,547,BTCUSDT,1d,47132.78,48170.0,46800.0,47751.09,24802.35936,2024-02-10 23:59:59.999000+00:00,1176079377.6922762,1323421,12740.69912,604397015.51796,0.013118685789101692,0.38863605242924076
2024-02-11 00:00:00+00:00,548,BTCUSDT,1d,47751.08,48592.66,47557.16,48299.99,29958.80837,2024-02-11 23:59:59.999000+00:00,1443314885.7714052,1407270,15741.38294,758411879.955689,0.011495025558578842,0.38685327313080903
2024-02-12 00:00:00+00:00,549,BTCUSDT,1d,48300.0,50334.82,47710.01,49917.27,59009.96705,2024-02-12 23:59:59.999000+00:00,2898220863.0181804,1939394,30797.43359,1512688561.6888657,0.03348406490353306,0.31554414036399625
2024-02-13 00:00:00+00:00,550,BTCUSDT,1d,49917.28,50368.61,48300.95,49699.59,55551.56706,2024-02-13 23:59:59.999000+00:00,2745025370.067447,1741811,28409.79337,1403783512.6809905,-0.004360815405169416,0.3220580668703085
2024-02-14 00:00:00+00:00,551,BTCUSDT,1d,49699.6,52043.71,49225.01,51795.17,57046.37401,2024-02-14 23:59:59.999000+00:00,2919604456.723313,1859392,29664.5183,1518339681.334602,0.04216493536465804,0.34638300639136727
2024-02-15 00:00:00+00:00,552,BTCUSDT,1d,51795.17,52816.62,51314.0,51880.0,53816.03055,2024-02-15 23:59:59.999000+00:00,2802825737.9920154,1786569,26722.58656,1391971339.715806,0.001637797501195637,0.34306265031431327
2024-02-16 00:00:00+00:00,553,BTCUSDT,1d,51880.01,52572.08,51566.0,52124.11,37772.25318,2024-02-16 23:59:59.999000+00:00,1965003863.9713345,1583711,18309.89888,952708587.7324989,0.004705281418658558,0.31030374635676294
2024-02-17 00:00:00+00:00,554,BTCUSDT,1d,52124.1,52162.82,50625.0,51642.64,25674.00622,2024-02-17 23:59:59.999000+00:00,1319908544.9790893,1427773,12655.51593,650426057.1976154,-0.00923699224792518,0.32101764237998764
2024-02-18 00:00:00+00:00,555,BTCUSDT,1d,51642.64,52377.0,51163.28,52137.67,21992.10363,2024-02-18 23:59:59.999000+00:00,1139209588.4334626,1375422,11281.34692,584447328.1142721,0.009585683458475325,0.31670460848324994
2024-02-19 00:00:00+00:00,556,BTCUSDT,1d,52137.68,52488.77,51677.0,51774.73,29534.99432,2024-02-19 23:59:59.999000+00:00,1539600521.6007729,1542990,15266.36204,795825023.6442237,-0.0069611856456185395,0.312189429736972
2024-02-20 00:00:00+00:00,557,BTCUSDT,1d,51774.74,52985.0,50760.37,52258.82,49614.47318,2024-02-20 23:59:59.999000+00:00,2574874999.3787174,1971912,24994.25062,1297330385.005093,0.009349928044047662,0.3031686344623109
2024-02-21 00:00:00+00:00,558,BTCUSDT,1d,52258.82,52366.8,50625.0,51849.39,43079.40049,2024-02-21 23:59:59.999000+00:00,2210278288.725095,1824860,22239.73293,1140905416.956252,-0.007834658340927003,0.3025576258507569
2024-02-22 00:00:00+00:00,559,BTCUSDT,1d,51849.38,52065.78,50940.78,51288.42,35309.44574,2024-02-22 23:59:59.999000+00:00,1820949707.158534,1688184,17830.4673,919599483.9078616,-0.010819220824005882,0.31395361996597404
2024-02-23 00:00:00+00:00,560,BTCUSDT,1d,51288.42,51548.54,50521.0,50744.15,30545.79544,2024-02-23 23:59:59.999000+00:00,1559143576.8296163,1487039,14610.80906,745820955.2560463,-0.010611947102289299,0.32318757543077703
2024-02-24 00:00:00+00:00,561,BTCUSDT,1d,50744.15,51698.0,50585.0,51568.22,16560.4211,2024-02-24 23:59:59.999000+00:00,847793393.571868,855015,8462.15627,433239599.4239887,0.016239704478250294,0.3203988533358138
2024-02-25 00:00:00+00:00,562,BTCUSDT,1d,51568.21,51958.55,51279.8,51728.85,18721.63159,2024-02-25 23:59:59.999000+00:00,966951114.4504627,923992,9544.17672,492952522.6816389,0.0031149029382824267,0.31092150224261017
2024-02-26 00:00:00+00:00,563,BTCUSDT,1d,51728.85,54910.0,50901.44,54476.47,51256.72199,2024-02-26 23:59:59.999000+00:00,2710403072.980595,1808909,27198.83551,1438371804.1101012,0.05311581448263403,0.3585326509923968
2024-02-27 00:00:00+00:00,564,BTCUSDT,1d,54476.48,57588.15,54450.13,57037.34,67194.98562,2024-02-27 23:59:59.999000+00:00,3795949115.224932,2414285,34970.25885,1975472154.5115736,0.04700873606531397,0.3869947035975851
2024-02-28 00:00:00+00:00,565,BTCUSDT,1d,57037.35,64000.0,56691.85,62432.1,118763.46984,2024-02-28 23:59:59.999000+00:00,7162581994.48574,3895062,62066.63936,3742433894.945077,0.09458295215029322,0.5111954765957394
2024-02-29 00:00:00+00:00,566,BTCUSDT,1d,62432.11,63676.35,60364.7,61130.98,78425.07603,2024-02-29 23:59:59.999000+00:00,4872212871.27608,3169405,39463.06931,2452515504.8686514,-0.020840561185672013,0.534052493490072
2024-03-01 00:00:00+00:00,567,BTCUSDT,1d,61130.99,63114.23,60777.0,62387.9,47737.93473,2024-03-01 23:59:59.999000+00:00,2956537377.9660296,1947444,24195.70252,1498771144.099956,0.02056109684484042,0.5226510550060154
2024-03-02 00:00:00+00:00,568,BTCUSDT,1d,62387.9,62433.19,61561.12,61987.28,25534.73659,2024-03-02 23:59:59.999000+00:00,1582566973.834093,1641808,12691.37721,786583052.0862726,-0.006421437490282567,0.5294111506751856
2024-03-03 00:00:00+00:00,569,BTCUSDT,1d,61987.28,63231.88,61320.0,63113.97,28994.90903,2024-03-03 23:59:59.999000+00:00,1804536272.9443457,1992011,14905.186,927868983.7308432,0.018176148396896963,0.5298304584023338
2024-03-04 00:00:00+00:00,570,BTCUSDT,1d,63113.97,68499.0,62300.0,68245.71,84835.16005,2024-03-04 23:59:59.999000+00:00,5568877537.081252,3887853,45319.0864,2974396037.6857204,0.08130909844524137,0.5965980974103812
2024-03-05 00:00:00+00:00,571,BTCUSDT,1d,68245.71,69000.0,59005.0,63724.01,132696.7813,2024-03-05 23:59:59.999000+00:00,8674526591.28714,5310706,65991.84526,4318205559.64365,-0.0662561793261438,0.6835745758137018
2024-03-06 00:00:00+00:00,572,BTCUSDT,1d,63724.01,67641.1,62779.14,66074.04,78738.85491,2024-03-06 23:59:59.999000+00:00,5197743036.597276,3302981,40344.32596,2663883160.206962,0.03687825044280779,0.6797325645293687
2024-03-07 00:00:00+00:00,573,BTCUSDT,1d,66074.04,67980.0,65551.0,66823.17,53059.8869,2024-03-07 23:59:59.999000+00:00,3548088039.273608,2428227,27935.66302,1867854683.9820297,0.011337735667442228,0.6781695407155898
2024-03-08 00:00:00+00:00,574,BTCUSDT,1d,66823.18,69990.0,66082.66,68124.19,74261.932842,2024-03-08 23:59:59.999000+00:00,5044395324.399055,2943927,37711.514581,2563347797.52868,0.01946959415424332,0.6777810209245413
2024-03-09 00:00:00+00:00,575,BTCUSDT,1d,68124.2,68541.1,67861.1,68313.27,19872.89743,2024-03-09 23:59:59.999000+00:00,1355964036.9092987,1345341,10005.592,682720256.0028228,0.002775519239201163,0.672281634728476
2024-03-10 00:00:00+00:00,576,BTCUSDT,1d,68313.28,69887.61,68094.75,68955.88,38404.66835,2024-03-10 23:59:59.999000+00:00,2659307501.094578,2139518,19188.79904,1328747995.9940257,0.009406810711886537,0.6723034272671713
2024-03-11 00:00:00+00:00,577,BTCUSDT,1d,68955.88,72800.0,67024.96,72078.1,75292.825726,2024-03-11 23:59:59.999000+00:00,5352704377.618805,3043414,39435.855459,2803359303.286973,0.04527851721999632,0.6778603068377355
2024-03-12 00:00:00+00:00,578,BTCUSDT,1d,72078.1,73000.0,68620.82,71452.01,68783.546691,2024-03-12 23:59:59.999000+00:00,4909667978.559338,3047890,34517.212933,2465202174.4072266,-0.008686272251904659,0.6854447103044521
2024-03-13 00:00:00+00:00,579,BTCUSDT,1d,71452.0,73650.25,71333.31,73072.41,52659.711647,2024-03-13 23:59:59.999000+00:00,3829764501.253793,2501197,26787.082237,1948382241.8894603,0.02267815838910625,0.6781646457436465
2024-03-14 00:00:00+00:00,580,BTCUSDT,1d,73072.4,73777.0,68555.0,71388.94,71757.628746,2024-03-14 23:59:59.999000+00:00,5132189849.096632,2994869,35676.748326,2552190396.8890066,-0.02303838069662678,0.6891569548346308
2024-03-15 00:00:00+00:00,581,BTCUSDT,1d,71388.94,72419.71,65600.0,69499.85,103334.03546,2024-03-15 23:59:59.999000+00:00,7065279917.872112,3904445,49844.66515,3409385750.021177,-0.026461942143979122,0.7035460950622117
2024-03-16 00:00:00+00:00,582,BTCUSDT,1d,69499.84,70043.0,64780.0,65300.63,55926.95336,2024-03-16 23:59:59.999000+00:00,3788544202.884856,2729019,27240.19894,1846731512.2736237,-0.06042056205876711,0.771804164395504
2024-03-17 00:00:00+00:00,583,BTCUSDT,1d,65300.64,68904.4,64533.0,68393.48,49742.21589,2024-03-17 23:59:59.999000+00:00,3322963634.2425127,2449156,25328.29435,1692079618.2113106,0.04736324902225286,0.7843733280211528
2024-03-18 00:00:00+00:00,584,BTCUSDT,1d,68393.47,68956.0,66565.2,67609.99,55691.08088,2024-03-18 23:59:59.999000+00:00,3768277912.4189186,2464515,28529.67219,1930726566.249246,-0.011455624132592601,0.7719772027435918
2024-03-19 00:00:00+00:00,585,BTCUSDT,1d,67610.0,68124.11,61555.0,61937.4,101005.32487,2024-03-19 23:59:59.999000+00:00,6484805948.535393,3593832,48205.28434,3095258881.7022734,-0.08390165417862072,0.8498636348693266
2024-03-20 00:00:00+00:00,586,BTCUSDT,1d,61937.41,68100.0,60775.0,67840.51,90420.58592,2024-03-20 23:59:59.999000+00:00,5769770052.062583,3549793,45523.84281,2907222064.131292,0.09530768162693293,0.8512639947819803
2024-03-21 00:00:00+00:00,587,BTCUSDT,1d,67840.51,68240.47,64529.01,65501.27,53357.48002,2024-03-21 23:59:59.999000+00:00,3551223142.964417,2388390,26650.09786,1774833851.2215245,-0.034481462477213065,0.8606418265493315
2024-03-22 00:00:00+00:00,588,BTCUSDT,1d,65501.28,66649.62,62260.0,63796.64,51482.37821,2024-03-22 23:59:59.999000+00:00,3310481978.107645,2492881,24578.87957,1580940164.1212375,-0.026024380901316868,0.8664313854867232
2024-03-23 00:00:00+00:00,589,BTCUSDT,1d,63796.64,65999.0,63000.0,63990.01,26410.11409,2024-03-23 23:59:59.999000+00:00,1706152172.6316135,1753566,12749.00823,823892846.7149769,0.003031037371247214,0.865642601115276
2024-03-24 00:00:00+00:00,590,BTCUSDT,1d,63990.02,67628.69,63772.29,67209.99,31395.78015,2024-03-24 23:59:59.999000+00:00,2059312948.6486876,1880774,16689.65617,1095820626.0291996,0.05032004214407837,0.8863970327937309
2024-03-25 00:00:00+00:00,591,BTCUSDT,1d,67210.0,71150.0,66385.06,69880.01,53431.14486,2024-03-25 23:59:59.999000+00:00,3679964073.811213,2632220,27815.58769,1915614174.239764,0.039726534701165495,0.8357316318942765
2024-03-26 00:00:00+00:00,592,BTCUSDT,1d,69880.0,71561.1,69280.0,69988.0,38934.38417,2024-03-26 23:59:59.999000+00:00,2738537345.33588,2176807,19498.85666,1371708206.538872,0.0015453632591067024,0.7805967375717614
2024-03-27 00:00:00+00:00,593,BTCUSDT,1d,69987.99,71769.54,68359.18,69469.99,49119.35685,2024-03-27 23:59:59.999000+00:00,3426458581.9433436,2453366,24902.3347,1737325915.834418,-0.007401411670572067,0.7696250557465805
2024-03-28 00:00:00+00:00,594,BTCUSDT,1d,69469.99,71552.06,68903.62,70780.6,35439.03239,2024-03-28 23:59:59.999000+00:00,2500571208.002628,1799897,18007.26883,1270852446.7077453,0.018865844086057848,0.7717218930658754
2024-03-29 00:00:00+00:00,595,BTCUSDT,1d,70780.6,70916.16,69009.0,69850.54,25445.08353,2024-03-29 23:59:59.999000+00:00,1779608477.3224535,1522607,11839.0929,828039936.6854533,-0.01314004119772949,0.7713961548705547
2024-03-30 00:00:00+00:00,596,BTCUSDT,1d,69850.53,70321.1,69540.0,69582.18,13644.61142,2024-03-30 23:59:59.999000+00:00,954555919.6855744,1110488,6423.89367,449436189.73361903,-0.0038419173280550556,0.7717626780147727
2024-03-31 00:00:00+00:00,597,BTCUSDT,1d,69582.17,71366.0,69562.99,71280.01,19396.34433,2024-03-31 23:59:59.999000+00:00,1367523707.2612453,1181926,10142.47988,715151368.946302,0.024400356528065048,0.7770260592908931
2024-04-01 00:00:00+00:00,598,BTCUSDT,1d,71280.0,71288.23,68062.86,69649.8,41445.32039,2024-04-01 23:59:59.999000+00:00,2876486469.465523,1893438,20211.15024,1402849944.7822893,-0.022870507453632394,0.7600964926570015
2024-04-02 00:00:00+00:00,599,BTCUSDT,1d,69649.81,69674.23,64550.0,65463.99,71799.82793,2024-04-02 23:59:59.999000+00:00,4750030717.922425,2662410,35520.17401,2348263612.3034706,-0.0600979471584987,0.7989589910476192
2024-04-03 00:00:00+00:00,600,BTCUSDT,1d,65463.99,66903.63,64493.07,65963.28,39887.21778,2024-04-03 23:59:59.999000+00:00,2630556596.1359286,2172096,20618.58747,1360363531.1659515,0.007626941162614864,0.7924554856875826
2024-04-04 00:00:00+00:00,601,BTCUSDT,1d,65963.27,69309.91,65064.52,68487.79,41510.48453,2024-04-04 23:59:59.999000+00:00,2795469450.572386,2000945,21013.32173,1415699952.0381584,0.03827144435510177,0.806731502856906
2024-04-05 00:00:00+00:00,602,BTCUSDT,1d,68487.8,68756.67,65952.56,67820.62,37915.23073,2024-04-05 23:59:59.999000+00:00,2555458935.2360086,1901980,18889.98453,1273220222.7625887,-0.009741444423889245,0.8001326855502364
2024-04-06 00:00:00+00:00,603,BTCUSDT,1d,67820.63,69692.0,67447.83,68896.0,20134.28919,2024-04-06 23:59:59.999000+00:00,1373131967.7648187,1171460,9973.86412,680800856.2096505,0.01585623959202964,0.7576525924940447
2024-04-07 00:00:00+00:00,604,BTCUSDT,1d,68896.0,70326.29,68824.0,69360.39,21534.74433,2024-04-07 23:59:59.999000+00:00,1496213373.1855776,1269048,11149.90398,774906774.5282813,0.006740449372967916,0.7330687732400551
2024-04-08 00:00:00+00:00,605,BTCUSDT,1d,69360.38,72797.99,69043.24,71620.0,45723.87624,2024-04-08 23:59:59.999000+00:00,3270853309.6629424,2037025,25309.90487,1811209901.716354,0.03257781566683815,0.7419430887400188
2024-04-09 00:00:00+00:00,606,BTCUSDT,1d,71620.0,71758.19,68210.0,69146.0,39293.90242,2024-04-09 23:59:59.999000+00:00,2749007421.6421075,1804157,18896.53756,1321865585.2380521,-0.034543423624685876,0.6598679202221329
2024-04-10 00:00:00+00:00,607,BTCUSDT,1d,69146.0,71172.08,67518.0,70631.08,42006.02377,2024-04-10 23:59:59.999000+00:00,2901564970.815804,1852170,20269.34809,1401023003.7318227,0.02147745350417951,0.5375908681823517
2024-04-11 00:00:00+00:00,608,BTCUSDT,1d,70631.08,71305.89,69567.21,70006.23,31917.25595,2024-04-11 23:59:59.999000+00:00,2247473274.6162577,1658995,15908.49124,1120249990.7357526,-0.008846672031632585,0.5157620890620139
2024-04-12 00:00:00+00:00,609,BTCUSDT,1d,70006.22,71227.46,65086.86,67116.52,56072.86229,2024-04-12 23:59:59.999000+00:00,3843551585.3212743,2496617,25935.86464,1777808491.1704543,-0.04127789769567636,0.5352604977163724
2024-04-13 00:00:00+00:00,610,BTCUSDT,1d,67116.52,67929.0,60660.57,63924.51,71395.22019,2024-04-13 23:59:59.999000+00:00,4614468627.809045,3341340,33221.6695,2144846149.6809175,-0.047559229828960214,0.5749355200068197
2024-04-14 00:00:00+00:00,611,BTCUSDT,1d,63924.52,65840.0,62134.0,65661.84,61599.17818,2024-04-14 23:59:59.999000+00:00,3946124834.6970353,2657953,29732.29634,1904847012.5093088,0.027177838359652595,0.5456004861457475
2024-04-15 00:00:00+00:00,612,BTCUSDT,1d,65661.85,66867.07,62274.4,63419.99,52389.53069,2024-04-15 23:59:59.999000+00:00,3398072231.561224,2539048,25206.68008,1634572976.939813,-0.034142357265650736,0.5324255212400107
2024-04-16 00:00:00+00:00,613,BTCUSDT,1d,63419.99,64365.0,61600.0,63793.39,53435.29331,2024-04-16 23:59:59.999000+00:00,3355338198.446913,2604354,26041.2664,1635683129.3076532,0.005887733504845949,0.5335923084744214
2024-04-17 00:00:00+00:00,614,BTCUSDT,1d,63793.4,64499.0,59678.16,61277.37,50610.54509,2024-04-17 23:59:59.999000+00:00,3128625247.473853,2458327,24346.74671,1506361259.7013583,-0.03944013635268473,0.553630984672734
2024-04-18 00:00:00+00:00,615,BTCUSDT,1d,61277.38,64117.09,60803.35,63470.08,43601.60918,2024-04-18 23:59:59.999000+00:00,2726741448.886802,2142511,20870.20705,1305027167.9395082,0.03578335689015377,0.5714545454434763
2024-04-19 00:00:00+00:00,616,BTCUSDT,1d,63470.09,65450.0,59600.01,63818.01,69774.30271,2024-04-19 23:59:59.999000+00:00,4419893235.183288,2828284,34941.50216,2214809735.240241,0.005481795516879773,0.5717370877855767
2024-04-20 00:00:00+00:00,617,BTCUSDT,1d,63818.01,65419.0,63090.07,64940.59,23137.42975,2024-04-20 23:59:59.999000+00:00,1486949581.439479,1376712,11811.8444,759077474.2972904,0.017590332258871744,0.5786898840793472
2024-04-21 00:00:00+00:00,618,BTCUSDT,1d,64940.58,65695.56,64237.5,64941.15,19316.42152,2024-04-21 23:59:59.999000+00:00,1254396628.1531765,1390153,9734.71767,632257865.0082499,8.623266280816111e-06,0.5665426019696487
2024-04-22 00:00:00+00:00,619,BTCUSDT,1d,64941.15,67232.35,64500.0,66819.32,31397.99371,2024-04-22 23:59:59.999000+00:00,2071690434.976552,1816591,16466.05497,1086399264.6092272,0.028921107802987844,0.5761280763955852
2024-04-23 00:00:00+00:00,620,BTCUSDT,1d,66819.32,67183.01,65765.81,66414.0,22599.90004,2024-04-23 23:59:59.999000+00:00,1502139968.7198815,1433915,10854.17402,721404825.847041,-0.0060659102786441155,0.5168865859239585
2024-04-24 00:00:00+00:00,621,BTCUSDT,1d,66414.0,67070.43,63606.06,64289.59,33595.69637,2024-04-24 23:59:59.999000+00:00,2195714861.657656,1784897,16899.50969,1104368114.1058698,-0.031987382178456425,0.5337785285674262
2024-04-25 00:00:00+00:00,622,BTCUSDT,1d,64289.58,65297.94,62794.0,64498.34,31341.46338,2024-04-25 23:59:59.999000+00:00,2007704069.2622728,1375324,14808.62959,948738136.2684381,0.003247026462604552,0.5061912605164652
2024-04-26 00:00:00+00:00,623,BTCUSDT,1d,64498.33,64820.01,63297.48,63770.01,27085.19346,2024-04-26 23:59:59.999000+00:00,1736631357.3537388,1025561,13570.23647,870093757.5188991,-0.0112922286061935,0.5066362878830675
2024-04-27 00:00:00+00:00,624,BTCUSDT,1d,63770.0,63923.41,62391.24,63461.98,20933.06052,2024-04-27 23:59:59.999000+00:00,1320337707.787116,912422,9903.95325,624733409.211288,-0.004830326982856015,0.5001896255207635
2024-04-28 00:00:00+00:00,625,BTCUSDT,1d,63461.98,64370.0,62781.0,63118.62,16949.20005,2024-04-28 23:59:59.999000+00:00,1078450016.4732296,790652,7941.33811,505261267.5695052,-0.0054104835682718955,0.49817719767463003
2024-04-29 00:00:00+00:00,626,BTCUSDT,1d,63118.62,64228.35,61765.53,63866.0,28150.22947,2024-04-29 23:59:59.999000+00:00,1765038324.6837213,1152296,13986.59437,877053322.307997,0.01184087991784355,0.47733857958294956
2024-04-30 00:00:00+00:00,627,BTCUSDT,1d,63866.0,64734.0,59191.6,60672.0,54947.65535,2024-04-30 23:59:59.999000+00:00,3372142467.4322524,1985671,26385.41614,1620421850.578699,-0.05001096044843889,0.49860755523979605
2024-05-01 00:00:00+00:00,628,BTCUSDT,1d,60672.01,60841.63,56552.82,58364.97,81166.46823,2024-05-01 23:59:59.999000+00:00,4705572361.7402,2401089,38203.57377,2213404278.5900106,-0.03802462420886077,0.5007339129135608
2024-05-02 00:00:00+00:00,629,BTCUSDT,1d,58364.97,59625.0,56911.84,59060.61,47583.81961,2024-05-02 23:59:59.999000+00:00,2778840305.0505786,1572898,23240.7537,1356148775.8867364,0.011918793070569533,0.50806203775912
2024-05-03 00:00:00+00:00,630,BTCUSDT,1d,59060.6,63333.0,58811.32,62882.01,43628.40143,2024-05-03 23:59:59.999000+00:00,2658193708.347904,1558661,22145.44334,1349687455.5957608,0.06470302287768459,0.5688134845837127
2024-05-04 00:00:00+00:00,631,BTCUSDT,1d,62882.01,64540.0,62541.03,63892.04,24368.69282,2024-05-04 23:59:59.999000+00:00,1547468697.8765795,1113509,12671.20599,804768764.3062501,0.016062304624168355,0.5382148596787968
2024-05-05 00:00:00+00:00,632,BTCUSDT,1d,63892.03,64646.0,62822.17,64012.0,18526.75029,2024-05-05 23:59:59.999000+00:00,1182572239.5306184,992921,8954.93439,571783428.2394707,0.0018775421789631874,0.5253850208796134
2024-05-06 00:00:00+00:00,633,BTCUSDT,1d,64012.0,65500.0,62700.0,63165.19,34674.91949,2024-05-06 23:59:59.999000+00:00,2218131198.466132,1392557,17179.56031,1099303474.2805216,-0.013228925826407556,0.5081526526310431
2024-05-07 00:00:00+00:00,634,BTCUSDT,1d,63165.18,64422.41,62261.0,62312.08,25598.79472,2024-05-07 23:59:59.999000+00:00,1624531631.592377,1272898,12502.38281,793575994.2141025,-0.013506014942723965,0.5105789120619603
2024-05-08 00:00:00+00:00,635,BTCUSDT,1d,62312.07,63020.22,60888.0,61193.03,26121.19004,2024-05-08 23:59:59.999000+00:00,1623561041.1255188,1415152,12669.58179,787749415.5480814,-0.01795879707433945,0.4882605409404294
2024-05-09 00:00:00+00:00,636,BTCUSDT,1d,61193.03,63429.03,60630.0,63074.01,30660.8061,2024-05-09 23:59:59.999000+00:00,1895849912.7734756,1381957,15120.01471,935341755.6782354,0.030738468090238502,0.4819714849425373
2024-05-10 00:00:00+00:00,637,BTCUSDT,1d,63074.0,63469.13,60187.12,60799.99,36529.34025,2024-05-10 23:59:59.999000+00:00,2255550468.413852,1500643,18066.83174,1116494638.2804892,-0.03605320162773862,0.5039604883802989
2024-05-11 00:00:00+00:00,638,BTCUSDT,1d,60799.99,61515.0,60487.09,60825.99,13374.56936,2024-05-11 23:59:59.999000+00:00,814928013.4573288,753281,6223.09555,379263096.21513295,0.0004276316492815013,0.4968297732840432
2024-05-12 00:00:00+00:00,639,BTCUSDT,1d,60825.99,61888.0,60610.0,61483.99,12753.13236,2024-05-12 23:59:59.999000+00:00,781041632.4623835,727113,6416.91108,393132351.8883925,0.010817744191257805,0.49997534053622295
2024-05-13 00:00:00+00:00,640,BTCUSDT,1d,61484.0,63450.0,60749.21,62940.08,32733.41839,2024-05-13 23:59:59.999000+00:00,2041896626.6108148,1371433,16717.90863,1043060982.35746,0.02368242529478004,0.49445618093557075
2024-05-14 00:00:00+00:00,641,BTCUSDT,1d,62940.09,63118.36,61142.77,61577.49,29088.72041,2024-05-14 23:59:59.999000+00:00,1800171876.1676655,1127939,13815.81443,855088066.212488,-0.021649003306001613,0.5007203114996053
2024-05-15 00:00:00+00:00,642,BTCUSDT,1d,61577.49,66444.16,61319.47,66206.5,43559.74719,2024-05-15 23:59:59.999000+00:00,2794259631.8910465,1729454,21797.84094,1398781701.4413886,0.0751737363767182,0.5813640507002381
2024-05-16 00:00:00+00:00,643,BTCUSDT,1d,66206.51,66752.01,64602.77,65235.21,31106.3671,2024-05-16 23:59:59.999000+00:00,2045507646.8293848,1269793,15645.11263,1028962305.104384,-0.014670613912531216,0.5853549388985542
2024-05-17 00:00:00+00:00,644,BTCUSDT,1d,65235.21,67451.2,65106.38,67024.0,26292.23409,2024-05-17 23:59:59.999000+00:00,1745971822.3447456,1117254,13301.09525,883129353.1633428,0.027420621471134998,0.592744665889909
2024-05-18 00:00:00+00:00,645,BTCUSDT,1d,67024.0,67400.01,66600.0,66915.2,14441.25774,2024-05-18 23:59:59.999000+00:00,967145944.6835315,734067,6911.13424,462859253.5879108,-0.0016232991167343114,0.5921392769108913
2024-05-19 00:00:00+00:00,646,BTCUSDT,1d,66915.2,67700.0,65857.25,66274.01,18025.30409,2024-05-19 23:59:59.999000+00:00,1204989222.8768685,823729,8692.17507,581378180.3374597,-0.009582127827459264,0.5934716437214496
2024-05-20 00:00:00+00:00,647,BTCUSDT,1d,66274.0,71515.56,66060.31,71446.62,50816.7011,2024-05-20 23:59:59.999000+00:00,3485474763.752294,1930939,26792.52994,1839346667.540789,0.07804884599558704,0.6710418408588497
2024-05-21 00:00:00+00:00,648,BTCUSDT,1d,71446.62,71979.0,69162.94,70148.34,49607.4336,2024-05-21 23:59:59.999000+00:00,3509345769.233608,2137448,24686.27911,1746693652.328722,-0.018171328468722492,0.6347470766375388
2024-05-22 00:00:00+00:00,649,BTCUSDT,1d,70148.34,70666.0,68842.19,69166.62,27673.18026,2024-05-22 23:59:59.999000+00:00,1931700812.3032143,1371973,13124.78731,916344293.9104755,-0.013994914206095221,0.6107838834921225
2024-05-23 00:00:00+00:00,650,BTCUSDT,1d,69166.62,70096.12,66312.16,67969.65,40513.17374,2024-05-23 23:59:59.999000+00:00,2766790260.7886024,1827855,19791.15119,1351640092.581366,-0.017305602037514634,0.6199619407737098
2024-05-24 00:00:00+00:00,651,BTCUSDT,1d,67969.66,69250.0,66600.12,68549.99,28095.83664,2024-05-24 23:59:59.999000+00:00,1906438696.7156007,1165907,14344.29889,973457354.6957756,0.008538222574340226,0.5668328832872358
2024-05-25 00:00:00+00:00,652,BTCUSDT,1d,68549.99,69610.0,68500.0,69290.57,12130.39418,2024-05-25 23:59:59.999000+00:00,837339788.9838961,703803,5851.95991,403954862.6694792,0.010803502670095222,0.5653015268223218
2024-05-26 00:00:00+00:00,653,BTCUSDT,1d,69290.56,69562.23,68128.01,68507.67,11872.11797,2024-05-26 23:59:59.999000+00:00,818914878.9908898,722849,5934.62083,409411078.5460924,-0.011298795781301996,0.5689786263036585
2024-05-27 00:00:00+00:00,654,BTCUSDT,1d,68507.67,70687.56,68250.0,69436.43,23136.92737,2024-05-27 23:59:59.999000+00:00,1604722197.8374028,1219341,11709.62174,812172288.2576373,0.01355702215532939,0.5654263040484689
2024-05-28 00:00:00+00:00,655,BTCUSDT,1d,69436.43,69591.81,67277.91,68398.39,32622.97042,2024-05-28 23:59:59.999000+00:00,2224860225.799223,1459351,15543.09776,1059920452.3146172,-0.014949501292044975,0.5663162758023726
2024-05-29 00:00:00+00:00,656,BTCUSDT,1d,68398.4,68935.68,67124.65,67652.42,23159.83149,2024-05-29 23:59:59.999000+00:00,1573095221.6483984,1221044,11748.55954,797928379.366918,-0.010906250863507161,0.5618772047008647
2024-05-30 00:00:00+00:00,657,BTCUSDT,1d,67652.41,69500.0,67128.0,68352.17,28478.2184,2024-05-30 23:59:59.999000+00:00,1945001081.5215864,1272851,14074.36655,961595245.1787834,0.01034331070492378,0.5512870618503145
2024-05-31 00:00:00+00:00,658,BTCUSDT,1d,68352.17,69044.1,66670.0,67540.01,26690.32184,2024-05-31 23:59:59.999000+00:00,1812659052.2496767,1177860,13258.10182,900414200.116177,-0.011881992919902995,0.5277704892144565
2024-06-01 00:00:00+00:00,659,BTCUSDT,1d,67540.01,67900.0,67428.44,67766.85,8837.66133,2024-06-01 23:59:59.999000+00:00,598305207.9932046,638484,4235.27045,286752060.4028929,0.0033586018124664996,0.5274108608865202
2024-06-02 00:00:00+00:00,660,BTCUSDT,1d,67766.84,68460.0,67257.47,67765.63,15426.32529,2024-06-02 23:59:59.999000+00:00,1046827665.3829312,812348,7760.23377,526768921.12622225,-1.8002902599123516e-05,0.5273554269977113
2024-06-03 00:00:00+00:00,661,BTCUSDT,1d,67765.62,70288.0,67612.48,68809.9,29633.374,2024-06-03 23:59:59.999000+00:00,2047757076.226836,1253789,15308.67275,1058024704.3533732,0.015410024226145236,0.5231160008498955
2024-06-04 00:00:00+00:00,662,BTCUSDT,1d,68809.89,71063.45,68567.32,70537.84,29619.78489,2024-06-04 23:59:59.999000+00:00,2069902136.99324,1254515,14922.96734,1043071241.6284808,0.025111793506457758,0.5165790059008188
2024-06-05 00:00:00+00:00,663,BTCUSDT,1d,70537.83,71758.0,70383.66,71108.0,28703.18082,2024-06-05 23:59:59.999000+00:00,2040073765.86764,1055115,14210.23392,1010053925.7910814,0.00808303741651284,0.4215681513293434
2024-06-06 00:00:00+00:00,664,BTCUSDT,1d,71108.0,71700.0,70117.64,70799.06,21842.00449,2024-06-06 23:59:59.999000+00:00,1551467659.1542966,900226,10287.3911,730849194.230399,-0.004344658828823844,0.4155415015551281
2024-06-07 00:00:00+00:00,665,BTCUSDT,1d,70799.06,71997.02,68420.0,69355.6,35598.45045,2024-06-07 23:59:59.999000+00:00,2507250591.3329782,1516415,17318.78051,1220810920.3444333,-0.020388123797123736,0.4144254567840056
2024-06-08 00:00:00+00:00,666,BTCUSDT,1d,69355.6,69582.2,69168.02,69310.46,9773.82967,2024-06-08 23:59:59.999000+00:00,678267390.5310388,714103,4772.23036,331182466.90034246,-0.0006508486697541782,0.4142966506036474
2024-06-09 00:00:00+00:00,667,BTCUSDT,1d,69310.46,69857.14,69130.24,69648.14,9890.56709,2024-06-09 23:59:59.999000+00:00,687344656.0725566,575583,4883.69296,339405376.0815447,0.004871991904252138,0.41136206000074615
2024-06-10 00:00:00+00:00,668,BTCUSDT,1d,69648.15,70195.94,69172.29,69540.0,17122.66941,2024-06-10 23:59:59.999000+00:00,1192466549.969123,936731,8412.00246,585909223.775813,-0.0015526617078359672,0.24512262269677848
2024-06-11 00:00:00+00:00,669,BTCUSDT,1d,69540.0,69590.01,66051.0,67314.24,41436.01588,2024-06-11 23:59:59.999000+00:00,2793799020.4691243,1782415,19839.8232,1337254654.9989924,-0.032006902502156986,0.26828763988217175
2024-06-12 00:00:00+00:00,670,BTCUSDT,1d,67314.23,69999.0,66905.0,68263.99,37175.32356,2024-06-12 23:59:59.999000+00:00,2550285139.184372,1670745,18975.89081,1302069589.6416817,0.014109198885703833,0.2706774929036707
2024-06-13 00:00:00+00:00,671,BTCUSDT,1d,68263.98,68449.3,66251.78,66773.01,29079.55571,2024-06-13 23:59:59.999000+00:00,1958897960.917292,1518202,13886.14007,935614189.6986812,-0.021841383722223218,0.27640784439262495
2024-06-14 00:00:00+00:00,672,BTCUSDT,1d,66773.01,67370.24,65078.0,66043.99,28408.18797,2024-06-14 23:59:59.999000+00:00,1884451554.428285,1736314,13619.40861,903708200.7849747,-0.010917884336799966,0.2763837404185927
2024-06-15 00:00:00+00:00,673,BTCUSDT,1d,66043.99,66478.48,65857.1,66228.25,11451.80242,2024-06-15 23:59:59.999000+00:00,758175888.0283372,700886,5495.02083,363796116.4535752,0.0027899586321176173,0.2717630528946704
2024-06-16 00:00:00+00:00,674,BTCUSDT,1d,66228.25,66998.7,66034.5,66676.87,9392.52223,2024-06-16 23:59:59.999000+00:00,624653672.6138575,703295,4750.05166,315940653.99261206,0.006773846508098869,0.27098600118481986
2024-06-17 00:00:00+00:00,675,BTCUSDT,1d,66676.86,67298.81,65130.0,66504.33,27386.16851,2024-06-17 23:59:59.999000+00:00,1812061226.756565,1542620,13716.89431,907703353.5304952,-0.002587703951910103,0.2631956806405676
2024-06-18 00:00:00+00:00,676,BTCUSDT,1d,66504.33,66588.23,64060.0,65175.32,42350.10244,2024-06-18 23:59:59.999000+00:00,2755141806.03109,2151711,20076.41361,1305946733.5892808,-0.019983811580388866,0.2685126184557587
2024-06-19 00:00:00+00:00,677,BTCUSDT,1d,65175.32,65727.54,64666.0,64974.37,20060.79576,2024-06-19 23:59:59.999000+00:00,1307731953.9545317,1078458,10289.7818,670875724.3137285,-0.0030832222994838787,0.26585171820120307
2024-06-20 00:00:00+00:00,678,BTCUSDT,1d,64974.37,66482.94,64559.15,64869.99,24265.29031,2024-06-20 23:59:59.999000+00:00,1584896152.16637,1282687,11828.87934,772646071.2169964,-0.0016064796011104887,0.26048032945328614
2024-06-21 00:00:00+00:00,679,BTCUSDT,1d,64869.99,65066.66,63379.35,64143.56,25993.56442,2024-06-21 23:59:59.999000+00:00,1665541539.708616,1362617,12543.2596,803462610.6919086,-0.011198244365383747,0.26004121637314936
2024-06-22 00:00:00+00:00,680,BTCUSDT,1d,64143.56,64546.81,63943.82,64262.01,7308.95542,2024-06-22 23:59:59.999000+00:00,470027247.3402083,562832,3756.29045,241583895.4543618,0.0018466390078755168,0.2595096996929356
2024-06-23 00:00:00+00:00,681,BTCUSDT,1d,64262.01,64521.0,63178.32,63210.01,8224.45447,2024-06-23 23:59:59.999000+00:00,526848525.0029452,592759,3974.67964,254685735.53387728,-0.016370480786393027,0.26561064275874036
2024-06-24 00:00:00+00:00,682,BTCUSDT,1d,63210.01,63369.8,58402.0,60293.3,52161.35414,2024-06-24 23:59:59.999000+00:00,3180853460.924751,2190787,24495.59428,1493633137.5266545,-0.04614316624851034,0.30749790740885796
2024-06-25 00:00:00+00:00,683,BTCUSDT,1d,60293.3,62420.0,60257.06,61806.01,31189.24361,2024-06-25 23:59:59.999000+00:00,1914901308.84587,1277481,15360.08458,943071608.5109416,0.025089189014368074,0.30745598279281044
2024-06-26 00:00:00+00:00,684,BTCUSDT,1d,61806.01,62487.81,60712.0,60864.99,22485.66463,2024-06-26 23:59:59.999000+00:00,1381716993.355492,1112152,11435.02653,702676210.4365481,-0.015225380185519222,0.30309179663822955
2024-06-27 00:00:00+00:00,685,BTCUSDT,1d,60864.98,62389.22,60606.63,61706.47,18344.28631,2024-06-27 23:59:59.999000+00:00,1126705164.782892,1062176,9298.265,570914131.0571834,0.013825353458531753,0.3154919305191166
2024-06-28 00:00:00+00:00,686,BTCUSDT,1d,61706.46,62225.31,60063.0,60427.84,24821.19255,2024-06-28 23:59:59.999000+00:00,1519872032.026636,1479626,12661.53908,775499790.7912346,-0.020721165868020086,0.3157644897044337
2024-06-29 00:00:00+00:00,687,BTCUSDT,1d,60427.84,61224.0,60383.77,60986.68,11509.55904,2024-06-29 23:59:59.999000+00:00,701345872.4881144,767669,5461.68911,332791254.69089925,0.009248055201046546,0.3216997357755916
2024-06-30 00:00:00+00:00,688,BTCUSDT,1d,60986.68,63058.76,60712.21,62772.01,17326.30136,2024-06-30 23:59:59.999000+00:00,1070250012.5446604,1108912,8224.44601,508208752.0856987,0.029274097229099905,0.3513802158479962
2024-07-01 00:00:00+00:00,689,BTCUSDT,1d,62772.01,63861.76,62497.2,62899.99,24547.10538,2024-07-01 23:59:59.999000+00:00,1550980813.6701343,1461508,12388.60654,782785773.8355594,0.002038806786655245,0.3522991673047805
2024-07-02 00:00:00+00:00,690,BTCUSDT,1d,62900.0,63288.83,61806.28,62135.47,18573.11875,2024-07-02 23:59:59.999000+00:00,1160792332.6175597,1308816,9453.17931,590763216.5799825,-0.01215453293394797,0.33332956256252333
2024-07-03 00:00:00+00:00,691,BTCUSDT,1d,62135.46,62285.94,59400.0,60208.58,32160.11127,2024-07-03 23:59:59.999000+00:00,1945901232.9066567,1839372,15055.45492,910631739.6738483,-0.031011111688702075,0.3423904770378264
2024-07-04 00:00:00+00:00,692,BTCUSDT,1d,60208.57,60498.19,56771.0,57050.01,54568.77276,2024-07-04 23:59:59.999000+00:00,3168619756.2436485,2523236,24982.98822,1450509608.6804216,-0.05246046327616427,0.3891602753972316
2024-07-05 00:00:00+00:00,693,BTCUSDT,1d,57050.02,57546.0,53485.93,56628.79,81348.24756,2024-07-05 23:59:59.999000+00:00,4515040083.536514,3749255,37926.65162,2104682004.516682,-0.007383346646214428,0.3888337389774559
2024-07-06 00:00:00+00:00,694,BTCUSDT,1d,56628.79,58475.0,56018.0,58230.13,21651.31558,2024-07-06 23:59:59.999000+00:00,1235398733.4357028,1411065,11083.50401,632724011.5474728,0.02827784241902398,0.4143441692810185
2024-07-07 00:00:00+00:00,695,BTCUSDT,1d,58230.13,58449.46,55724.37,55857.81,19118.93918,2024-07-07 23:59:59.999000+00:00,1094135752.4528687,1289229,9081.66872,519830378.935563,-0.040740420809639244,0.4347056626365374
2024-07-08 00:00:00+00:00,696,BTCUSDT,1d,55857.81,58236.73,54260.16,56714.62,48090.2049,2024-07-08 23:59:59.999000+00:00,2699942701.375511,2554389,23963.90684,1346497811.2117922,0.015339126256471713,0.44518739635159427
2024-07-09 00:00:00+00:00,697,BTCUSDT,1d,56714.61,58296.0,56289.45,58050.0,27732.20788,2024-07-09 23:59:59.999000+00:00,1592351321.655387,1757693,14143.25001,812249336.7493434,0.023545604290392763,0.45930510676794667
2024-07-10 00:00:00+00:00,698,BTCUSDT,1d,58050.0,59470.0,57157.79,57725.85,24951.73799,2024-07-10 23:59:59.999000+00:00,1452293495.6501489,1766696,12423.53162,723209557.6496755,-0.005583979328165345,0.4592111354971425
2024-07-11 00:00:00+00:00,699,BTCUSDT,1d,57725.85,59650.0,57050.0,57339.89,29761.05735,2024-07-11 23:59:59.999000+00:00,1728929618.0583844,2157661,15019.30135,872986677.1195273,-0.0066860860429079905,0.45894591249346056
2024-07-12 00:00:00+00:00,700,BTCUSDT,1d,57339.89,58526.68,56542.47,57889.1,23652.4569,2024-07-12 23:59:59.999000+00:00,1360201319.0761504,1749738,11488.82545,661028735.6644312,0.009578148824491928,0.46246507970324147
2024-07-13 00:00:00+00:00,701,BTCUSDT,1d,57889.09,59850.0,57756.63,59204.02,15357.74519,2024-07-13 23:59:59.999000+00:00,900429281.1482327,1114391,7889.36244,462600767.8610776,0.02271446610847283,0.47575874974467963
2024-07-14 00:00:00+00:00,702,BTCUSDT,1d,59204.01,61420.69,59194.01,60797.91,21178.33907,2024-07-14 23:59:59.999000+00:00,1273562988.611176,1456088,10479.46025,630300143.2598463,0.026921989418961845,0.48860927977759383
2024-07-15 00:00:00+00:00,703,BTCUSDT,1d,60797.91,64900.0,60632.3,64724.14,38690.9782,2024-07-15 23:59:59.999000+00:00,2435540879.028933,2600425,19076.54212,1201411783.666604,0.06457837119729937,0.5210990866200067
2024-07-16 00:00:00+00:00,704,BTCUSDT,1d,64724.06,65388.97,62373.24,65043.99,42530.52915,2024-07-16 23:59:59.999000+00:00,2725231969.2884507,2484783,21595.04799,1384337933.3310027,0.0049417419837483045,0.5127349028901084
2024-07-17 00:00:00+00:00,705,BTCUSDT,1d,65044.0,66128.63,63854.0,64087.99,29567.52954,2024-07-17 23:59:59.999000+00:00,1922412273.0882092,1868671,14616.17013,950725865.5856608,-0.014697745325894074,0.5124014221534263
2024-07-18 00:00:00+00:00,706,BTCUSDT,1d,64087.99,65133.3,63238.48,63987.92,22568.7225,2024-07-18 23:59:59.999000+00:00,1449872437.6497972,1696742,11288.35191,725073622.7056739,-0.001561447004345129,0.510371804112226
2024-07-19 00:00:00+00:00,707,BTCUSDT,1d,63987.92,67386.0,63300.67,66660.0,35634.72739,2024-07-19 23:59:59.999000+00:00,2331517674.368659,2184889,17971.06949,1176753281.038326,0.041759132036171875,0.5256959923456302
2024-07-20 00:00:00+00:00,708,BTCUSDT,1d,66660.01,67598.0,66222.46,67139.96,14386.92434,2024-07-20 23:59:59.999000+00:00,961878801.8482211,995093,6868.63454,459313955.25348914,0.007200120012001321,0.525466432687595
2024-07-21 00:00:00+00:00,709,BTCUSDT,1d,67139.97,68366.66,65777.0,68165.34,21819.11191,2024-07-21 23:59:59.999000+00:00,1465757867.9747431,1322942,11412.05459,766856991.8425378,0.015272276003738927,0.5168073545852352
2024-07-22 00:00:00+00:00,710,BTCUSDT,1d,68165.35,68474.55,66559.97,67532.01,21451.04303,2024-07-22 23:59:59.999000+00:00,1448418369.8467095,1558140,10263.9504,693063991.1191068,-0.009291085469536275,0.5198537926415369
2024-07-23 00:00:00+00:00,711,BTCUSDT,1d,67532.0,67750.98,65441.08,65936.01,31406.15316,2024-07-23 23:59:59.999000+00:00,2088544473.323508,1772089,15168.84798,1008794779.0389912,-0.023633237038257815,0.5283917464694105
2024-07-24 00:00:00+00:00,712,BTCUSDT,1d,65936.0,67102.01,65111.0,65376.0,23082.56277,2024-07-24 23:59:59.999000+00:00,1526490826.466997,1391053,10827.75551,716084205.2016414,-0.00849323457697837,0.5098013680108221
2024-07-25 00:00:00+00:00,713,BTCUSDT,1d,65376.01,66175.49,63456.7,65799.95,35126.42934,2024-07-25 23:59:59.999000+00:00,2266419771.224864,1830360,16579.45258,1070150879.3639548,0.006484795643661334,0.44524151674620893
2024-07-26 00:00:00+00:00,714,BTCUSDT,1d,65799.95,68200.0,65722.63,67907.99,24244.36023,2024-07-26 23:59:59.999000+00:00,1630839588.6966548,1406982,12444.52129,837159298.5663502,0.0320371064111753,0.4521596753166574
2024-07-27 00:00:00+00:00,715,BTCUSDT,1d,67908.0,69399.99,66650.0,67896.5,31710.21921,2024-07-27 23:59:59.999000+00:00,2162335067.0234175,1690591,15838.9282,1080427116.1916444,-0.00016919953012906053,0.4454726386565483
2024-07-28 00:00:00+00:00,716,BTCUSDT,1d,67896.49,68318.43,67066.66,68249.88,10868.69394,2024-07-28 23:59:59.999000+00:00,736755676.1377451,821210,5403.48694,366295409.63502705,0.005204686544961978,0.39252541763371124
2024-07-29 00:00:00+00:00,717,BTCUSDT,1d,68249.88,70079.99,66428.0,66784.69,36467.29633,2024-07-29 23:59:59.999000+00:00,2499265962.091455,1952812,18196.23316,1248743452.5576787,-0.02146802309396001,0.4125046413497977
2024-07-30 00:00:00+00:00,718,BTCUSDT,1d,66784.68,67000.0,65302.67,66188.0,23132.25441,2024-07-30 23:59:59.999000+00:00,1533270724.799421,1622083,11096.82554,735708436.0236868,-0.008934532749946156,0.412436076562283
2024-07-31 00:00:00+00:00,719,BTCUSDT,1d,66188.0,66849.24,64530.0,64628.0,22625.43905,2024-07-31 23:59:59.999000+00:00,1489443332.5960116,1609976,10818.48504,712275323.706937,-0.023569227050220576,0.42854195134674494
2024-08-01 00:00:00+00:00,720,BTCUSDT,1d,64628.01,65659.78,62302.0,65354.02,35542.26854,2024-08-01 23:59:59.999000+00:00,2270877792.65868,2397257,16886.93292,1079221072.7580278,0.011233830537847433,0.4256468526924182
2024-08-02 00:00:00+00:00,721,BTCUSDT,1d,65354.02,65596.14,61230.01,61498.33,38820.42937,2024-08-02 23:59:59.999000+00:00,2469588785.6981573,2457735,18202.35794,1158565579.090291,-0.05899698289408972,0.5051324815317606
2024-08-03 00:00:00+00:00,722,BTCUSDT,1d,61498.34,62198.22,59850.0,60697.99,28034.71567,2024-08-03 23:59:59.999000+00:00,1711555901.18011,1669555,12947.95791,790701622.6375737,-0.013014011925201907,0.5019144835316754
2024-08-04 00:00:00+00:00,723,BTCUSDT,1d,60697.99,61117.63,57122.77,58161.0,31616.52003,2024-08-04 23:59:59.999000+00:00,1874490041.5437355,1886195,14556.6247,863334319.9678984,-0.04179693594466638,0.5198731152532987
2024-08-05 00:00:00+00:00,724,BTCUSDT,1d,58161.0,58305.59,49000.0,54018.81,162065.59186,2024-08-05 23:59:59.999000+00:00,8580928177.429902,7568497,77363.26323,4097736999.067924,-0.07121937380719046,0.5118473253763127
2024-08-06 00:00:00+00:00,725,BTCUSDT,1d,54018.82,57040.99,53950.0,56022.01,55884.77676,2024-08-06 23:59:59.999000+00:00,3119018848.329888,3433824,27934.19288,1559417942.6490836,0.03708337891930613,0.5434976939272366
2024-08-07 00:00:00+00:00,726,BTCUSDT,1d,56022.0,57736.05,54558.62,55134.16,44269.37684,2024-08-07 23:59:59.999000+00:00,2490553853.602583,2397504,21897.14983,1232415104.4472857,-0.01584823536320812,0.543827967425022
2024-08-08 00:00:00+00:00,727,BTCUSDT,1d,55133.76,62745.14,54730.0,61685.99,48349.52949,2024-08-08 23:59:59.999000+00:00,2836312292.4318185,2603042,25676.29533,1508140014.000517,0.11883431252058596,0.7553030871109521
2024-08-09 00:00:00+00:00,728,BTCUSDT,1d,61686.0,61744.37,59535.0,60837.99,30972.48017,2024-08-09 23:59:59.999000+00:00,1878350555.5122635,1827809,15023.05073,911225295.6263437,-0.013747043696631933,0.7330566804231282
2024-08-10 00:00:00+00:00,729,BTCUSDT,1d,60837.99,61470.58,60242.0,60923.51,9995.20621,2024-08-10 23:59:59.999000+00:00,607372221.2460399,800499,4893.63854,297435046.0025079,0.0014057006156844576,0.7318873465076116
2024-08-11 00:00:00+00:00,730,BTCUSDT,1d,60923.51,61858.0,58286.73,58712.59,19189.84512,2024-08-11 23:59:59.999000+00:00,1152081498.1567774,1319469,9094.74521,546165456.9550736,-0.03629009556409346,0.7387298124873406
2024-08-12 00:00:00+00:00,731,BTCUSDT,1d,58712.59,60711.09,57642.21,59346.64,37009.91743,2024-08-12 23:59:59.999000+00:00,2186851067.316586,2293837,18279.26596,1080368631.1427846,0.0107992169992841,0.7420307239234645
2024-08-13 00:00:00+00:00,732,BTCUSDT,1d,59346.64,61578.1,58392.88,60587.15,27858.95851,2024-08-13 23:59:59.999000+00:00,1668247896.8477187,1713485,13647.22341,817397824.2293857,0.02090278404977952,0.7453178003886185
2024-08-14 00:00:00+00:00,733,BTCUSDT,1d,60587.16,61800.0,58433.18,58683.39,28422.76326,2024-08-14 23:59:59.999000+00:00,1705464263.505865,1729342,13263.8962,796386901.3641167,-0.031421844400999266,0.7543022877323846
2024-08-15 00:00:00+00:00,734,BTCUSDT,1d,58683.39,59849.38,56078.54,57541.06,37686.17622,2024-08-15 23:59:59.999000+00:00,2194915865.052229,2507858,17255.22311,1005337423.726424,-0.019465985179111134,0.7552237153786164
2024-08-16 00:00:00+00:00,735,BTCUSDT,1d,57541.05,59817.76,57098.62,58874.6,27610.84344,2024-08-16 23:59:59.999000+00:00,1614654900.3332715,1999539,13963.51824,816740633.5454463,0.023175450712934476,0.7480247886095774
2024-08-17 00:00:00+00:00,736,BTCUSDT,1d,58874.59,59700.0,58785.05,59491.99,7721.72931,2024-08-17 23:59:59.999000+00:00,457737705.7722839,807159,3871.6531,229477473.80983913,0.010486525598475405,0.7508705002980082
2024-08-18 00:00:00+00:00,737,BTCUSDT,1d,59491.99,60284.99,58408.92,58427.35,13634.85717,2024-08-18 23:59:59.999000+00:00,813166580.7264851,1099730,6660.58254,397459480.87198234,-0.017895518371464747,0.7510056974916708
2024-08-19 00:00:00+00:00,738,BTCUSDT,1d,58427.35,59617.63,57787.3,59438.5,22809.31251,2024-08-19 23:59:59.999000+00:00,1336287900.197634,1636295,11350.30776,665066212.7595356,0.017306107499313272,0.7544374571831627
2024-08-20 00:00:00+00:00,739,BTCUSDT,1d,59438.5,61400.0,58548.23,59013.8,31477.44548,2024-08-20 23:59:59.999000+00:00,1890620149.79102,1904519,16041.22019,964180516.15294,-0.007145200501358473,0.7542957198990687
2024-08-21 00:00:00+00:00,740,BTCUSDT,1d,59013.8,61820.93,58783.47,61156.03,27983.6422,2024-08-21 23:59:59.999000+00:00,1682529555.0960546,1981525,14156.90984,851829721.3994547,0.03630049242719502,0.7681656234738942
2024-08-22 00:00:00+00:00,741,BTCUSDT,1d,61156.03,61400.0,59724.87,60375.84,21241.20588,2024-08-22 23:59:59.999000+00:00,1288544247.9560175,1718280,10269.33376,623042041.0781735,-0.012757368324922358,0.767206592379713
2024-08-23 00:00:00+00:00,742,BTCUSDT,1d,60375.83,64955.0,60342.14,64037.24,38118.07089,2024-08-23 23:59:59.999000+00:00,2375916932.7935486,2555682,20372.88336,1270318490.0257754,0.06064346268308651,0.7700165658540437
2024-08-24 00:00:00+00:00,743,BTCUSDT,1d,64037.24,64494.5,63531.0,64157.01,15857.15616,2024-08-24 23:59:59.999000+00:00,1015774255.1740764,1551856,7643.02686,489673236.6598002,0.0018703179587378216,0.7669735906234256
2024-08-25 00:00:00+00:00,744,BTCUSDT,1d,64157.02,65000.0,63773.27,64220.0,12305.47977,2024-08-25 23:59:59.999000+00:00,789935122.9930241,1263065,6315.72233,405555580.86044383,0.0009818100937060148,0.7412811748416402
2024-08-26 00:00:00+00:00,745,BTCUSDT,1d,64219.99,64481.0,62800.0,62834.0,19470.05276,2024-08-26 23:59:59.999000+00:00,1238341818.4320166,2152841,8995.67609,572188217.6295675,-0.021582061663033336,0.6733901769367698
2024-08-27 00:00:00+00:00,746,BTCUSDT,1d,62834.0,63212.0,58034.01,59415.0,35135.94178,2024-08-27 23:59:59.999000+00:00,2158144642.992993,2995281,15873.1536,975361314.8776592,-0.05441321577489899,0.7079121448955151
2024-08-28 00:00:00+00:00,747,BTCUSDT,1d,59415.0,60234.98,57860.0,59034.9,36868.54275,2024-08-28 23:59:59.999000+00:00,2183054412.974087,3664134,17135.91162,1014904733.0685128,-0.006397374400403888,0.7043011419339175
2024-08-29 00:00:00+00:00,748,BTCUSDT,1d,59034.9,61166.99,58713.09,59359.01,27020.90743,2024-08-29 23:59:59.999000+00:00,1617931684.258576,2743900,13152.3859,787682410.3518869,0.0054901422717748005,0.493740916590022
2024-08-30 00:00:00+00:00,749,BTCUSDT,1d,59359.0,59944.07,57701.1,59123.99,28519.32195,2024-08-30 23:59:59.999000+00:00,1680918972.4658496,2845696,13783.34749,812769089.2849811,-0.003959297838693754,0.4909930891533321
2024-08-31 00:00:00+00:00,750,BTCUSDT,1d,59123.99,59462.38,58744.0,58973.99,8798.409,2024-08-31 23:59:59.999000+00:00,519849184.86904466,895944,4195.93079,247955494.3591592,-0.0025370412247210927,0.49090893261102153
2024-09-01 00:00:00+00:00,751,BTCUSDT,1d,58974.0,59076.59,57201.0,57301.86,20705.15741,2024-09-01 23:59:59.999000+00:00,1202176847.3910584,2153180,9651.50531,560452387.8985474,-0.028353686091105557,0.4815924221984004
2024-09-02 00:00:00+00:00,752,BTCUSDT,1d,57301.77,59425.69,57128.0,59132.13,22895.01461,2024-09-02 23:59:59.999000+00:00,1333092369.4465685,1966119,11295.25452,657496577.6304803,0.03194084799341579,0.49869212913973027
2024-09-03 00:00:00+00:00,753,BTCUSDT,1d,59132.12,59809.65,57415.0,57487.73,22828.18447,2024-09-03 23:59:59.999000+00:00,1335076815.8599248,2208758,10979.79204,642252673.1132113,-0.0278089086254798,0.5030303543851727
2024-09-04 00:00:00+00:00,754,BTCUSDT,1d,57487.74,58519.0,55606.0,57970.9,35560.82146,2024-09-04 23:59:59.999000+00:00,2027630870.1796756,3177549,16861.75483,961923197.778253,0.008404750022309004,0.4879385250165524
2024-09-05 00:00:00+00:00,755,BTCUSDT,1d,57970.9,58327.07,55643.65,56180.0,27806.91413,2024-09-05 23:59:59.999000+00:00,1577770853.1007977,3368058,12955.8897,734996919.3590953,-0.030893086013844884,0.49835641288079296
2024-09-06 00:00:00+00:00,756,BTCUSDT,1d,56180.0,57008.0,52550.0,53962.97,54447.76826,2024-09-06 23:59:59.999000+00:00,2988914918.9243345,5287281,25325.18849,1390546230.8810933,-0.03946297614809535,0.5115682552427306
2024-09-07 00:00:00+00:00,757,BTCUSDT,1d,53962.97,54850.0,53745.54,54160.86,16694.04774,2024-09-07 23:59:59.999000+00:00,905693342.5898322,1920923,8023.90683,435381439.0095956,0.0036671443399056702,0.5088757831060087
2024-09-08 00:00:00+00:00,758,BTCUSDT,1d,54160.86,55318.0,53629.01,54869.95,16274.14779,2024-09-08 23:59:59.999000+00:00,885743172.9184759,1796092,8031.76084,437221897.1104152,0.013092295801802267,0.5099686276222193
2024-09-09 00:00:00+00:00,759,BTCUSDT,1d,54869.95,58088.0,54591.96,57042.0,32384.51737,2024-09-09 23:59:59.999000+00:00,1809715390.0493293,3355912,16412.83148,917669512.2220291,0.03958541970605056,0.5337809582835793
2024-09-10 00:00:00+00:00,760,BTCUSDT,1d,57042.01,58044.36,56386.4,57635.99,23626.78126,2024-09-10 23:59:59.999000+00:00,1349365460.0900571,2843148,11690.37506,667774722.6993911,0.010413204305599333,0.5354611722163318
2024-09-11 00:00:00+00:00,761,BTCUSDT,1d,57635.99,57981.71,55545.19,57338.0,33026.56757,2024-09-11 23:59:59.999000+00:00,1875738697.3784156,4045103,15979.30786,907634258.5649891,-0.005170207018218909,0.5104178066105876
2024-09-12 00:00:00+00:00,762,BTCUSDT,1d,57338.0,58588.0,57324.0,58132.32,31074.40631,2024-09-12 23:59:59.999000+00:00,1802848638.0757017,3706764,14783.00418,857572456.5100869,0.013853291011196811,0.512923869548898
2024-09-13 00:00:00+00:00,763,BTCUSDT,1d,58132.31,60625.0,57632.62,60498.0,29825.23333,2024-09-13 23:59:59.999000+00:00,1760671733.5492997,3378012,15395.13731,909141733.9747654,0.04069474605520651,0.47411944656854793
2024-09-14 00:00:00+00:00,764,BTCUSDT,1d,60497.99,60610.45,59400.0,59993.03,12137.90901,2024-09-14 23:59:59.999000+00:00,728527024.3416963,1288784,5570.22098,334303099.7432136,-0.008346887500413236,0.4743499583171438
2024-09-15 00:00:00+00:00,765,BTCUSDT,1d,59993.02,60395.8,58691.05,59132.0,13757.92361,2024-09-15 23:59:59.999000+00:00,822410872.3906957,1552950,6431.24697,384460724.5703967,-0.014352167243428138,0.47636614742586003
2024-09-16 00:00:00+00:00,766,BTCUSDT,1d,59132.0,59210.7,57493.3,58213.99,26477.5642,2024-09-16 23:59:59.999000+00:00,1543273198.7027452,3145152,12859.7584,749563220.8060509,-0.01552475816816612,0.4728555599240051
2024-09-17 00:00:00+00:00,767,BTCUSDT,1d,58213.99,61320.0,57610.01,60313.99,33116.25878,2024-09-17 23:59:59.999000+00:00,1983378424.775704,3918209,16390.65993,981860543.2735816,0.03607380287796791,0.4440863670425255
2024-09-18 00:00:00+00:00,768,BTCUSDT,1d,60313.99,61786.24,59174.8,61759.99,36087.02469,2024-09-18 23:59:59.999000+00:00,2174000496.820776,5167671,18429.59712,1110622778.7510853,0.023974537250810224,0.45285368028187545
2024-09-19 00:00:00+00:00,769,BTCUSDT,1d,61759.98,63850.0,61555.0,62947.99,34332.52608,2024-09-19 23:59:59.999000+00:00,2153175931.173872,4438284,17609.62958,1104427424.5246968,0.019235754409934414,0.45815031249510463
2024-09-20 00:00:00+00:00,770,BTCUSDT,1d,62948.0,64133.32,62350.0,63201.05,25466.37794,2024-09-20 23:59:59.999000+00:00,1611195963.9908044,3969296,12411.32227,785440558.8125728,0.004020144249244684,0.4571217695397949
2024-09-21 00:00:00+00:00,771,BTCUSDT,1d,63201.05,63559.9,62758.0,63348.96,8375.34608,2024-09-21 23:59:59.999000+00:00,528657852.3183024,1283611,3877.73743,244802615.78455928,0.0023403092195461994,0.4564071323049593
2024-09-22 00:00:00+00:00,772,BTCUSDT,1d,63348.97,64000.0,62357.93,63578.76,14242.19892,2024-09-22 23:59:59.999000+00:00,897477338.3735126,2145736,6923.17369,436456231.9537881,0.003627526008319615,0.4343794854693194
2024-09-23 00:00:00+00:00,773,BTCUSDT,1d,63578.76,64745.88,62538.75,63339.99,24078.05287,2024-09-23 23:59:59.999000+00:00,1531015038.3680267,3999187,12331.07643,784350440.7145653,-0.0037554994781276996,0.4195259009766701
2024-09-24 00:00:00+00:00,774,BTCUSDT,1d,63339.99,64688.0,62700.0,64262.7,23185.04759,2024-09-24 23:59:59.999000+00:00,1472720338.8562915,3870157,11522.89363,732118662.4171054,0.014567574134444872,0.39846569731305015
2024-09-25 00:00:00+00:00,775,BTCUSDT,1d,64262.7,64817.99,62947.08,63152.01,17813.11168,2024-09-25 23:59:59.999000+00:00,1135250828.2732148,3355531,8384.67983,534590429.2105493,-0.017283587524333677,0.4093228629972591
2024-09-26 00:00:00+00:00,776,BTCUSDT,1d,63152.01,65839.0,62670.0,65173.99,28373.30593,2024-09-26 23:59:59.999000+00:00,1831204595.9448967,4361333,15041.9886,971176161.3870807,0.03201766657941674,0.39435624413207687
2024-09-27 00:00:00+00:00,777,BTCUSDT,1d,65173.99,66498.0,64819.9,65769.95,22048.80487,2024-09-27 23:59:59.999000+00:00,1448852210.3602211,3498529,11092.85716,729156061.3679231,0.009144138635673427,0.33707529569172756
2024-09-28 00:00:00+00:00,778,BTCUSDT,1d,65769.95,66260.0,65422.23,65858.0,9127.23316,2024-09-28 23:59:59.999000+00:00,600118483.1222521,1341703,4501.22534,296026669.8337066,0.0013387572896133015,0.33796346685234613
2024-09-29 00:00:00+00:00,779,BTCUSDT,1d,65858.0,66076.12,65432.0,65602.01,8337.74111,2024-09-29 23:59:59.999000+00:00,547980013.7152303,1413449,4132.9378,271622295.3535291,-0.0038869993015275828,0.3420602674788674
2024-09-30 00:00:00+00:00,780,BTCUSDT,1d,65602.01,65618.8,62856.3,63327.59,30011.08752,2024-09-30 23:59:59.999000+00:00,1920250261.744216,3978584,14451.93044,924324016.7358449,-0.03466997428889751,0.35932548156312005
2024-10-01 00:00:00+00:00,781,BTCUSDT,1d,63327.6,64130.63,60164.0,60805.78,43671.48108,2024-10-01 23:59:59.999000+00:00,2723672081.8326254,5607069,20951.74486,1308603194.33104,-0.03982166382772501,0.40415341986775133
2024-10-02 00:00:00+00:00,782,BTCUSDT,1d,60804.92,62390.31,60000.0,60649.28,31534.70118,2024-10-02 23:59:59.999000+00:00,1928377637.836784,5313210,15719.32519,961468320.5154728,-0.002573768480562233,0.4033671885841005
2024-10-03 00:00:00+00:00,783,BTCUSDT,1d,60649.27,61477.19,59828.11,60752.71,26221.43472,2024-10-03 23:59:59.999000+00:00,1590773866.8074434,5244004,12906.51464,783073701.7331172,0.001705378860227258,0.4005103700919624
2024-10-04 00:00:00+00:00,784,BTCUSDT,1d,60752.72,62484.85,60459.9,62086.0,21294.65994,2024-10-04 23:59:59.999000+00:00,1311145630.5020497,3798631,10689.34488,658151113.9351828,0.021946181495442696,0.37450107124393045
2024-10-05 00:00:00+00:00,785,BTCUSDT,1d,62086.0,62370.56,61689.26,62058.0,7807.46141,2024-10-05 23:59:59.999000+00:00,484588468.3419123,1183175,3690.55536,229107774.75427,-0.00045098734014104025,0.3721833540204697
2024-10-06 00:00:00+00:00,786,BTCUSDT,1d,62058.01,62975.0,61798.97,62819.91,8906.86177,2024-10-06 23:59:59.999000+00:00,555669634.4773513,1556553,4798.29924,299426562.8303448,0.012277385671468632,0.36763052479912744
2024-10-07 00:00:00+00:00,787,BTCUSDT,1d,62819.91,64478.19,62128.0,62224.0,25966.1852,2024-10-07 23:59:59.999000+00:00,1646315506.5791945,4809342,12760.73415,809108823.5126126,-0.009486005312646983,0.3628901157738058
2024-10-08 00:00:00+00:00,788,BTCUSDT,1d,62224.01,63200.0,61860.31,62160.49,19702.22371,2024-10-08 23:59:59.999000+00:00,1230076253.818657,3798438,9614.36947,600357593.787378,-0.001020667266649511,0.3336142794954978
2024-10-09 00:00:00+00:00,789,BTCUSDT,1d,62160.5,62543.75,60301.0,60636.02,20011.15684,2024-10-09 23:59:59.999000+00:00,1234778807.5932417,3668363,9454.70171,583725546.0309885,-0.02452474232426416,0.3354755698083242
2024-10-10 00:00:00+00:00,790,BTCUSDT,1d,60636.01,61321.68,58946.0,60326.39,23967.92481,2024-10-10 23:59:59.999000+00:00,1445604381.9363792,3872577,10827.77272,653182369.9427671,-0.005106370767738344,0.32420160541866844
2024-10-11 00:00:00+00:00,791,BTCUSDT,1d,60326.4,63417.56,60087.64,62540.0,23641.35209,2024-10-11 23:59:59.999000+00:00,1462219576.8498647,3222180,12099.56755,748431117.9165705,0.036693891346722296,0.36153165194351305
2024-10-12 00:00:00+00:00,792,BTCUSDT,1d,62539.99,63480.0,62487.23,63206.22,10911.30116,2024-10-12 23:59:59.999000+00:00,686978508.9887543,1770837,5196.91695,327263147.47604007,0.010652702270546932,0.36430226759839257
2024-10-13 00:00:00+00:00,793,BTCUSDT,1d,63206.23,63285.72,62050.0,62870.02,11909.21995,2024-10-13 23:59:59.999000+00:00,746564374.2082387,2242529,5855.04617,367046338.9194209,-0.005319096759781039,0.36461541886000215
2024-10-14 00:00:00+00:00,794,BTCUSDT,1d,62870.02,66500.0,62457.81,66083.99,37669.95222,2024-10-14 23:59:59.999000+00:00,2450094472.8135448,4977577,19941.11906,1297062359.2474864,0.051120868102157546,0.42247381305412623
2024-10-15 00:00:00+00:00,795,BTCUSDT,1d,66084.0,67950.0,64800.01,67074.14,43683.95423,2024-10-15 23:59:59.999000+00:00,2894021862.319518,6245619,21820.682,1446378130.5659852,0.014983205463229288,0.4226984013445836
2024-10-16 00:00:00+00:00,796,BTCUSDT,1d,67074.14,68424.0,66750.49,67620.01,29938.25544,2024-10-16 23:59:59.999000+00:00,2024560410.1062677,5109685,15212.87402,1029210667.4758284,0.008138307848598592,0.4144394849992728
2024-10-17 00:00:00+00:00,797,BTCUSDT,1d,67620.0,67939.4,66666.0,67421.78,25328.22861,2024-10-17 23:59:59.999000+00:00,1702164439.5654595,3981960,12153.94712,816887407.4042379,-0.0029315286998625734,0.3957155379681609
2024-10-18 00:00:00+00:00,798,BTCUSDT,1d,67421.78,69000.0,67192.36,68428.0,28725.635,2024-10-18 23:59:59.999000+00:00,1959735899.8769643,4010969,14218.1785,970440964.2668115,0.014924257413553965,0.39839276641165455
2024-10-19 00:00:00+00:00,799,BTCUSDT,1d,68427.99,68693.26,68010.0,68378.0,8193.66737,2024-10-19 23:59:59.999000+00:00,559628628.9613105,1152428,4071.19627,278085065.5176925,-0.000730695037119311,0.39855781796372497
2024-10-20 00:00:00+00:00,800,BTCUSDT,1d,68377.99,69400.0,68100.0,69031.99,12442.47378,2024-10-20 23:59:59.999000+00:00,854082429.8105861,1563795,6772.92574,465001555.93098307,0.00956433355757702,0.3988793446048742
2024-10-21 00:00:00+00:00,801,BTCUSDT,1d,69032.0,69519.52,66840.67,67377.5,31374.42184,2024-10-21 23:59:59.999000+00:00,2130833593.5466976,3686777,13593.60828,923860758.4208845,-0.023967004283086846,0.3827814127676971
2024-10-22 00:00:00+00:00,802,BTCUSDT,1d,67377.5,67836.01,66571.42,67426.0,24598.96268,2024-10-22 23:59:59.999000+00:00,1654285791.6605556,3669291,12400.51857,834160889.2398738,0.0007198248673518926,0.33392600698091246
2024-10-23 00:00:00+00:00,803,BTCUSDT,1d,67426.01,67472.83,65260.0,66668.65,25530.2407,2024-10-23 23:59:59.999000+00:00,1695101430.9187467,3807365,11888.33995,789384635.1106861,-0.011232313944175898,0.33945181906371624
2024-10-24 00:00:00+00:00,804,BTCUSDT,1d,66668.65,68850.0,66510.0,68198.28,22589.83877,2024-10-24 23:59:59.999000+00:00,1526736320.912938,3797462,11502.58514,777936396.524746,0.022943767422919148,0.3475248841886966
2024-10-25 00:00:00+00:00,805,BTCUSDT,1d,68198.27,68771.49,65596.29,66698.33,34479.71125,2024-10-25 23:59:59.999000+00:00,2320667435.2932534,5332593,16031.032,1079347459.1549635,-0.02199395644582236,0.35810215953723323
2024-10-26 00:00:00+00:00,806,BTCUSDT,1d,66698.32,67454.55,66439.9,67092.76,11842.9077,2024-10-26 23:59:59.999000+00:00,792887047.147892,2373501,6069.18986,406369780.1532944,0.005913641316056761,0.3577764202673117
2024-10-27 00:00:00+00:00,807,BTCUSDT,1d,67092.76,68332.05,66913.73,68021.7,8653.19592,2024-10-27 23:59:59.999000+00:00,585006148.4704809,1771989,4417.7362,298699666.99843925,0.013845607186230069,0.35850662226150876
2024-10-28 00:00:00+00:00,808,BTCUSDT,1d,68021.69,70270.0,67618.0,69962.21,29046.75459,2024-10-28 23:59:59.999000+00:00,2005105729.8174448,4432446,15218.34976,1051606096.429826,0.028527808037729363,0.367403188804832
2024-10-29 00:00:00+00:00,809,BTCUSDT,1d,69962.21,73620.12,69760.0,72736.42,50128.60594,2024-10-29 23:59:59.999000+00:00,3602465986.891757,5645430,26898.46516,1932608784.1630373,0.03965297837218107,0.39198929599185284
2024-10-30 00:00:00+00:00,810,BTCUSDT,1d,72736.41,72961.0,71436.0,72344.74,26885.99056,2024-10-30 23:59:59.999000+00:00,1941210537.2882867,4040734,13487.21433,973898183.7467278,-0.00538492271134583,0.3708162164811512
2024-10-31 00:00:00+00:00,811,BTCUSDT,1d,72344.75,72700.0,69685.76,70292.01,29352.10297,2024-10-31 23:59:59.999000+00:00,2091144977.4946847,4525542,14205.13879,1012048241.8498938,-0.028374281253896405,0.39821095344245633
2024-11-01 00:00:00+00:00,812,BTCUSDT,1d,70292.01,71632.95,68820.14,69496.01,38301.86755,2024-11-01 23:59:59.999000+00:00,2677358022.00497,4569271,18044.1622,1261663986.7596903,-0.011324188908526045,0.3840592865305544
2024-11-02 00:00:00+00:00,813,BTCUSDT,1d,69496.0,69914.37,69000.14,69374.74,10521.67243,2024-11-02 23:59:59.999000+00:00,731232427.6311549,1603561,5227.50713,363370734.81580114,-0.0017449922664622974,0.384339704925768
2024-11-03 00:00:00+00:00,814,BTCUSDT,1d,69374.74,69391.0,67478.73,68775.99,24995.70243,2024-11-03 23:59:59.999000+00:00,1709666206.4062023,3668029,12277.58177,839939073.1389577,-0.008630662976178316,0.38614863754173195
2024-11-04 00:00:00+00:00,815,BTCUSDT,1d,68775.99,69500.0,66835.0,67850.01,29800.39187,2024-11-04 23:59:59.999000+00:00,2033902307.002776,5377048,14927.24077,1019257547.5246848,-0.01346371022794457,0.33414766194516654
2024-11-05 00:00:00+00:00,816,BTCUSDT,1d,67850.01,70577.91,67476.63,69372.01,33355.06888,2024-11-05 23:59:59.999000+00:00,2310418908.069922,4955644,17059.88663,1181816730.9237833,0.022431831623900944,0.3410446646367003
2024-11-06 00:00:00+00:00,817,BTCUSDT,1d,69372.01,76400.0,69298.0,75571.99,104126.994787,2024-11-06 23:59:59.999000+00:00,7702283270.25801,8434184,53243.884427,3938516657.232733,0.0893729329739763,0.4999322876620601
2024-11-07 00:00:00+00:00,818,BTCUSDT,1d,75571.99,76849.99,74416.0,75857.89,44869.422345,2024-11-07 23:59:59.999000+00:00,3391796661.9719553,5207722,21805.460295,1648278335.300733,0.0037831476979763856,0.49861702301511585
2024-11-08 00:00:00+00:00,819,BTCUSDT,1d,75857.89,77199.99,75555.0,76509.78,36521.099583,2024-11-08 23:59:59.999000+00:00,2784449097.5315185,4877489,17555.393633,1339019332.1967125,0.008593568843003663,0.49723290014961513
2024-11-09 00:00:00+00:00,820,BTCUSDT,1d,76509.78,76900.0,75714.66,76677.46,16942.07915,2024-11-09 23:59:59.999000+00:00,1294709001.60289,2585264,8032.79327,614028515.3001705,0.0021916152418686163,0.4966982425115532
2024-11-10 00:00:00+00:00,821,BTCUSDT,1d,76677.46,81500.0,76492.0,80370.01,61830.100435,2024-11-10 23:59:59.999000+00:00,4905441473.900737,7128598,32751.012177,2597409399.2349634,0.04815691599591321,0.5271848051590837
2024-11-11 00:00:00+00:00,822,BTCUSDT,1d,80370.01,89530.54,80216.01,88647.99,82323.665776,2024-11-11 23:59:59.999000+00:00,6944268709.94272,9348890,42837.295314,3613896167.371912,0.10299836966550102,0.641659758670603
2024-11-12 00:00:00+00:00,823,BTCUSDT,1d,88648.0,89940.0,85072.0,87952.01,97299.887911,2024-11-12 23:59:59.999000+00:00,8540084566.279818,11499058,49589.333451,4353451682.829404,-0.00785105223479976,0.6457972184130498
2024-11-13 00:00:00+00:00,824,BTCUSDT,1d,87952.0,93265.64,86127.99,90375.2,86763.854127,2024-11-13 23:59:59.999000+00:00,7790928962.043038,11962100,44342.329327,3983689817.401444,0.027551274837266382,0.639163346044135
2024-11-14 00:00:00+00:00,825,BTCUSDT,1d,90375.21,91790.0,86668.21,87325.59,56729.51086,2024-11-14 23:59:59.999000+00:00,5073860815.928665,9828858,27940.856,2499212755.773147,-0.03374388106471693,0.6694499133581202
2024-11-15 00:00:00+00:00,826,BTCUSDT,1d,87325.59,91850.0,87073.38,91032.07,47927.95068,2024-11-15 23:59:59.999000+00:00,4276238971.181429,8009111,24800.61087,2213154236.5096154,0.04244437398018164,0.6628932294166403
2024-11-16 00:00:00+00:00,827,BTCUSDT,1d,91032.08,91779.66,90056.17,90586.92,22717.87689,2024-11-16 23:59:59.999000+00:00,2067958511.9048476,4239455,11496.31366,1046686701.002946,-0.004890034907478302,0.6672525468755619
2024-11-17 00:00:00+00:00,828,BTCUSDT,1d,90587.98,91449.99,88722.0,89855.99,23867.55609,2024-11-17 23:59:59.999000+00:00,2153871724.810395,4930719,11852.78227,1070094820.6738938,-0.008068824947354392,0.6741392648276501
2024-11-18 00:00:00+00:00,829,BTCUSDT,1d,89855.98,92594.0,89376.9,90464.08,46545.03448,2024-11-18 23:59:59.999000+00:00,4239909950.6618943,7161125,23628.87098,2153158394.316311,0.006767384122082332,0.6716309308367214
2024-11-19 00:00:00+00:00,830,BTCUSDT,1d,90464.07,93905.51,90357.0,92310.79,43660.04682,2024-11-19 23:59:59.999000+00:00,4025108502.8496137,5647789,22127.852724,2040301638.1161728,0.020413737695668788,0.6623597076517289
2024-11-20 00:00:00+00:00,831,BTCUSDT,1d,92310.8,94831.97,91500.0,94286.56,42203.198712,2024-11-20 23:59:59.999000+00:00,3950932314.6460686,7365987,20425.307962,1912348704.247262,0.02140345673566446,0.6589617692327946
2024-11-21 00:00:00+00:00,832,BTCUSDT,1d,94286.56,98988.0,94040.0,98317.12,69228.360477,2024-11-21 23:59:59.999000+00:00,6722807908.325656,9048605,35424.063227,3440467290.318527,0.04274798019993509,0.643524465100816
2024-11-22 00:00:00+00:00,833,BTCUSDT,1d,98317.12,99588.01,97122.11,98892.0,46189.309243,2024-11-22 23:59:59.999000+00:00,4555536773.363205,7271311,22709.668193,2240635299.646484,0.0058472013826280644,0.6338224409761051
2024-11-23 00:00:00+00:00,834,BTCUSDT,1d,98892.0,98908.85,97136.0,97672.4,24757.84367,2024-11-23 23:59:59.999000+00:00,2431609866.3295145,3839138,11176.2487,1097538914.9412584,-0.012332645714516866,0.6411665862649376
2024-11-24 00:00:00+00:00,835,BTCUSDT,1d,97672.4,98564.0,95734.77,97900.04,31200.97838,2024-11-24 23:59:59.999000+00:00,3034172011.9517884,4964720,15124.12176,1471313633.7467723,0.002330648166728677,0.634785578957381
2024-11-25 00:00:00+00:00,836,BTCUSDT,1d,97900.05,98871.8,92600.19,93010.01,50847.45096,2024-11-25 23:59:59.999000+00:00,4883444806.322193,8289691,23486.92705,2255516841.6102185,-0.04994921350389636,0.6835739943630016
2024-11-26 00:00:00+00:00,837,BTCUSDT,1d,93010.01,94973.37,90791.1,91965.16,57858.73138,2024-11-26 23:59:59.999000+00:00,5370918648.818167,10225809,29120.26765,2702543576.089108,-0.011233737099909935,0.6919028988523733
2024-11-27 00:00:00+00:00,838,BTCUSDT,1d,91965.16,97208.21,91792.14,95863.11,41153.42734,2024-11-27 23:59:59.999000+00:00,3894358511.6175647,6648690,20316.58245,1922620637.3076189,0.04238507278190995,0.622930438710004
2024-11-28 00:00:00+00:00,839,BTCUSDT,1d,95863.11,96564.0,94640.0,95643.98,28814.54357,2024-11-28 23:59:59.999000+00:00,2749861591.2596097,4988161,14805.69321,1412851841.0751948,-0.002285863665387078,0.624881442913397
2024-11-29 00:00:00+00:00,840,BTCUSDT,1d,95643.99,98619.99,95364.99,97460.0,27701.78231,2024-11-29 23:59:59.999000+00:00,2690451030.634288,5094070,13840.21172,1344148785.2636425,0.018987290156683212,0.6254727442943068
2024-11-30 00:00:00+00:00,841,BTCUSDT,1d,97460.0,97463.95,96092.01,96407.99,14503.83306,2024-11-30 23:59:59.999000+00:00,1402672950.6998208,3354759,7075.91503,684284805.0234444,-0.010794274574184248,0.6315365370347426
2024-12-01 00:00:00+00:00,842,BTCUSDT,1d,96407.99,97836.0,95693.88,97185.18,16938.60452,2024-12-01 23:59:59.999000+00:00,1641327626.6062205,3342200,8114.89569,786489040.1936377,0.008061468764155144,0.6108118178426974
2024-12-02 00:00:00+00:00,843,BTCUSDT,1d,97185.17,98130.0,94395.0,95840.62,37958.66981,2024-12-02 23:59:59.999000+00:00,3646639621.737588,7560103,18821.93327,1808458555.890584,-0.01383503122595442,0.4603121733911972
2024-12-03 00:00:00+00:00,844,BTCUSDT,1d,95840.61,96305.52,93578.17,95849.69,35827.32283,2024-12-03 23:59:59.999000+00:00,3413995542.018656,5361712,17339.11167,1652090703.1755955,9.463628261174861e-05,0.4577643807101582
2024-12-04 00:00:00+00:00,845,BTCUSDT,1d,95849.69,99000.0,94587.83,98587.32,43850.53728,2024-12-04 23:59:59.999000+00:00,4241994533.7861056,6648724,22033.60112,2132655972.045,0.028561699051921963,0.458716339352765
2024-12-05 00:00:00+00:00,846,BTCUSDT,1d,98587.32,104088.0,90500.0,96945.63,109921.729662,2024-12-05 23:59:59.999000+00:00,11048002942.149933,12012364,56235.078356,5657171374.763456,-0.016652141472148774,0.437820669881952
2024-12-06 00:00:00+00:00,847,BTCUSDT,1d,96945.63,101898.99,95981.72,99740.84,45049.5331,2024-12-06 23:59:59.999000+00:00,4456641685.364444,6919102,21999.62416,2175645718.553361,0.028832759145512643,0.42002656887165485
2024-12-07 00:00:00+00:00,848,BTCUSDT,1d,99740.84,100439.18,98844.0,99831.99,14931.9459,2024-12-07 23:59:59.999000+00:00,1487953846.8385458,2634566,6776.55,675350661.2973348,0.0009138683812970338,0.4183294290582897
2024-12-08 00:00:00+00:00,849,BTCUSDT,1d,99831.99,101351.0,98657.7,101109.59,14612.99688,2024-12-08 23:59:59.999000+00:00,1459576946.402151,2994709,7152.80173,714745738.9188356,0.012797501081567075,0.4155904995252129
2024-12-09 00:00:00+00:00,850,BTCUSDT,1d,101109.6,101215.93,94150.05,97276.47,53949.11595,2024-12-09 23:59:59.999000+00:00,5283626995.705648,8445872,25472.08477,2495722030.5370946,-0.0379105483466009,0.45379545715480546
2024-12-10 00:00:00+00:00,851,BTCUSDT,1d,97276.48,98270.0,94256.54,96593.0,51708.68933,2024-12-10 23:59:59.999000+00:00,4988660195.092429,11556189,24523.09586,2367164879.170773,-0.007026056763778543,0.4497889519845461
2024-12-11 00:00:00+00:00,852,BTCUSDT,1d,96593.0,101888.0,95658.24,101125.0,37753.78291,2024-12-11 23:59:59.999000+00:00,3745703763.01845,8250511,19112.84559,1897146318.2111704,0.04691851376393741,0.4809357541828498
2024-12-12 00:00:00+00:00,853,BTCUSDT,1d,101125.0,102540.0,99311.64,100004.29,29232.08745,2024-12-12 23:59:59.999000+00:00,2949462583.8661704,8066322,14175.88661,1430984456.6703603,-0.011082422744128628,0.4525773406118993
2024-12-13 00:00:00+00:00,854,BTCUSDT,1d,100004.29,101895.26,99205.0,101424.25,21904.03923,2024-12-13 23:59:59.999000+00:00,2203903393.0741005,5481660,10669.09365,1073720887.635456,0.014198990863292016,0.45551354718902215
2024-12-14 00:00:00+00:00,855,BTCUSDT,1d,101424.24,102650.0,100609.41,101420.0,14191.70326,2024-12-14 23:59:59.999000+00:00,1441594367.0463192,3374538,6790.24676,689981854.1394897,-4.19031937628489e-05,0.45157923387620924
2024-12-15 00:00:00+00:00,856,BTCUSDT,1d,101420.0,105250.0,101237.14,104463.99,22228.921775,2024-12-15 23:59:59.999000+00:00,2290462903.835791,3638809,12668.894355,1305611448.3000977,0.030013705383553635,0.4663868094149395
2024-12-16 00:00:00+00:00,857,BTCUSDT,1d,104463.99,107793.07,103333.0,106058.66,41302.40274,2024-12-16 23:59:59.999000+00:00,4364964400.634553,8048054,20349.0995,2150550899.2475224,0.01526526030644626,0.405584101977099
2024-12-17 00:00:00+00:00,858,BTCUSDT,1d,106058.65,108353.0,105321.49,106133.74,29064.936466,2024-12-17 23:59:59.999000+00:00,3103833327.775107,7212799,14187.320446,1515158210.55198,0.0007079101319968917,0.3990667952119879
2024-12-18 00:00:00+00:00,859,BTCUSDT,1d,106133.74,106524.98,100000.0,100204.01,50307.99755,2024-12-18 23:59:59.999000+00:00,5194263316.259236,8762120,23308.37525,2407213144.2694983,-0.0558703575319216,0.4475931220555559
2024-12-19 00:00:00+00:00,860,BTCUSDT,1d,100204.01,102800.11,95700.0,97461.86,55147.398,2024-12-19 23:59:59.999000+00:00,5487546517.707753,7273941,26898.63715,2677636003.906506,-0.027365671293993032,0.46426060452780415
2024-12-20 00:00:00+00:00,861,BTCUSDT,1d,97461.86,98233.0,92232.54,97805.44,62884.1357,2024-12-20 23:59:59.999000+00:00,6022845238.832326,7429007,29463.23021,2822939306.663078,0.0035252764517319513,0.45786824166527423
2024-12-21 00:00:00+00:00,862,BTCUSDT,1d,97805.44,99540.61,96398.39,97291.99,23483.54143,2024-12-21 23:59:59.999000+00:00,2296232055.195926,3717638,11726.94119,1146732451.4218132,-0.005249707991702657,0.45596424784326944
2024-12-22 00:00:00+00:00,863,BTCUSDT,1d,97292.0,97448.08,94250.35,95186.27,19353.83036,2024-12-22 23:59:59.999000+00:00,1857819866.3604,3633551,9293.39749,892081877.7627709,-0.02164330280426996,0.46396826241873074
2024-12-23 00:00:00+00:00,864,BTCUSDT,1d,95186.28,96538.92,92520.0,94881.47,32810.76703,2024-12-23 23:59:59.999000+00:00,3100007213.494563,5464919,16339.58355,1544707289.7443693,-0.003202142493870186,0.46058290849146366
2024-12-24 00:00:00+00:00,865,BTCUSDT,1d,94881.47,99487.99,93569.02,98663.58,23674.22488,2024-12-24 23:59:59.999000+00:00,2287214424.706476,3421549,11969.2539,1156798174.582326,0.03986141867321402,0.48995044548689654
2024-12-25 00:00:00+00:00,866,BTCUSDT,1d,98663.58,99569.15,97632.02,99429.6,14474.1651,2024-12-25 23:59:59.999000+00:00,1426143976.0493636,3283028,7006.5265,690465056.587186,0.0077639591022340415,0.4766266753562629
2024-12-26 00:00:00+00:00,867,BTCUSDT,1d,99429.61,99963.7,95199.14,95791.6,21192.36727,2024-12-26 23:59:59.999000+00:00,2049123567.3867724,5203490,10071.87249,973940616.1292444,-0.03658870195595676,0.4966992242063566
2024-12-27 00:00:00+00:00,868,BTCUSDT,1d,95791.6,97544.58,93500.01,94299.03,26501.26429,2024-12-27 23:59:59.999000+00:00,2528567849.7794614,5718866,12945.51657,1235623739.0578184,-0.01558142885179914,0.4835853917964385
2024-12-28 00:00:00+00:00,869,BTCUSDT,1d,94299.03,95733.99,94135.66,95300.0,8385.8929,2024-12-28 23:59:59.999000+00:00,794651624.8349556,2732061,4203.59876,398416342.12816703,0.01061484937862045,0.4864672346598335
2024-12-29 00:00:00+00:00,870,BTCUSDT,1d,95300.0,95340.0,93009.52,93738.2,13576.00578,2024-12-29 23:59:59.999000+00:00,1278370863.9768472,2865838,5651.38589,532195414.1027413,-0.01638824763903468,0.48559130223767477
2024-12-30 00:00:00+00:00,871,BTCUSDT,1d,93738.19,95024.5,91530.45,92792.05,27619.4225,2024-12-30 23:59:59.999000+00:00,2573126059.769478,5560563,13092.19646,1220209278.2523272,-0.010093537106537043,0.4627057722163958
2024-12-31 00:00:00+00:00,872,BTCUSDT,1d,92792.05,96250.0,92033.73,93576.0,19612.03389,2024-12-31 23:59:59.999000+00:00,1845718801.922704,3347847,9687.96775,911716321.6054019,0.008448460832582105,0.46411212361526233
2025-01-01 00:00:00+00:00,873,BTCUSDT,1d,93576.0,95151.15,92888.0,94591.79,10373.32613,2025-01-01 23:59:59.999000+00:00,975444194.1379983,1516556,5347.73648,502914035.6405907,0.010855240659998211,0.4178866465662644
2025-01-02 00:00:00+00:00,874,BTCUSDT,1d,94591.78,97839.5,94392.0,96984.79,21970.48948,2025-01-02 23:59:59.999000+00:00,2118411852.6812797,3569079,10915.96986,1052226710.3336716,0.025298178626284695,0.4322367679578353
2025-01-03 00:00:00+00:00,875,BTCUSDT,1d,96984.79,98976.91,96100.01,98174.18,15253.82936,2025-01-03 23:59:59.999000+00:00,1486610768.5907917,2851164,7468.60797,727787246.8965588,0.012263675572221189,0.4310510868052645
2025-01-04 00:00:00+00:00,876,BTCUSDT,1d,98174.17,98778.43,97514.79,98220.5,8990.05651,2025-01-04 23:59:59.999000+00:00,881223751.6353604,1559982,4350.80221,426524714.1305539,0.0004718144831972193,0.4310838806528906
2025-01-05 00:00:00+00:00,877,BTCUSDT,1d,98220.51,98836.85,97276.79,98363.61,8095.63723,2025-01-05 23:59:59.999000+00:00,793931715.9546323,1685799,3877.90985,380355340.4686036,0.0014570278098766654,0.40913142146183173
2025-01-06 00:00:00+00:00,878,BTCUSDT,1d,98363.61,102480.0,97920.0,102235.6,25263.43375,2025-01-06 23:59:59.999000+00:00,2540561688.7771435,3853702,12539.59534,1260943259.4662561,0.039364049367443865,0.43958221903261585
2025-01-07 00:00:00+00:00,879,BTCUSDT,1d,102235.6,102724.38,96181.81,96954.61,32059.87537,2025-01-07 23:59:59.999000+00:00,3170421659.717236,4480562,14815.11453,1464336049.7055345,-0.05165509861535522,0.4865005301489345
2025-01-08 00:00:00+00:00,880,BTCUSDT,1d,96954.6,97268.65,92500.9,95060.61,33704.67894,2025-01-08 23:59:59.999000+00:00,3205849081.112962,5171208,15803.85091,1503791328.6993084,-0.01953491432743626,0.43682884370455377
2025-01-09 00:00:00+00:00,881,BTCUSDT,1d,95060.61,95382.32,91203.67,92552.49,34544.83685,2025-01-09 23:59:59.999000+00:00,3217669887.2453976,6027161,15323.62663,1427812152.272761,-0.026384429891623817,0.43581747069611676
2025-01-10 00:00:00+00:00,882,BTCUSDT,1d,92552.49,95836.0,92206.02,94726.11,31482.86424,2025-01-10 23:59:59.999000+00:00,2962085343.283704,5531444,15617.43823,1469711545.6571271,0.02348526765730452,0.4483741805871086
2025-01-11 00:00:00+00:00,883,BTCUSDT,1d,94726.1,95050.94,93831.73,94599.99,7047.9043,2025-01-11 23:59:59.999000+00:00,665685994.93301,1496191,3412.37671,322346977.43545526,-0.0013314174940783907,0.44803515972790586
2025-01-12 00:00:00+00:00,884,BTCUSDT,1d,94599.99,95450.1,93711.19,94545.06,8606.86622,2025-01-12 23:59:59.999000+00:00,813278829.6583949,1658863,4028.33031,380691769.9184427,-0.0005806554525006336,0.4388981990021457
2025-01-13 00:00:00+00:00,885,BTCUSDT,1d,94545.07,95940.0,89256.69,94536.1,42619.56423,2025-01-13 23:59:59.999000+00:00,3930666134.3474574,5740963,19473.88042,1797888178.849608,-9.476962625010188e-05,0.4386845546455896
2025-01-14 00:00:00+00:00,886,BTCUSDT,1d,94536.11,97371.0,94346.22,96560.86,27846.61753,2025-01-14 23:59:59.999000+00:00,2676048470.3569503,4532923,14248.69616,1369464111.693496,0.021417849900725594,0.4142162872282769
2025-01-15 00:00:00+00:00,887,BTCUSDT,1d,96560.85,100681.94,96500.0,100497.35,30509.99179,2025-01-15 23:59:59.999000+00:00,3006242382.8867946,3487945,15494.17873,1527728226.3083327,0.04076693186038316,0.4481319076226866
2025-01-16 00:00:00+00:00,888,BTCUSDT,1d,100497.35,100866.66,97335.13,99987.3,27832.85317,2025-01-16 23:59:59.999000+00:00,2765162040.639799,3762755,13513.53707,1342462621.6273284,-0.005075258203325772,0.4184608493242394
2025-01-17 00:00:00+00:00,889,BTCUSDT,1d,99987.3,105865.22,99950.77,104077.48,39171.85292,2025-01-17 23:59:59.999000+00:00,4040993985.475047,3886907,20673.213,2131223293.2048464,0.04090699518838892,0.4401809471637907
2025-01-18 00:00:00+00:00,890,BTCUSDT,1d,104077.47,104988.88,102277.55,104556.23,24307.82998,2025-01-18 23:59:59.999000+00:00,2521522119.379525,3403162,11607.51274,1204170928.374812,0.0045999384304846735,0.4394850947410128
2025-01-19 00:00:00+00:00,891,BTCUSDT,1d,104556.23,106422.43,99651.6,101331.57,43397.28298,2025-01-19 23:59:59.999000+00:00,4513423971.410252,5271920,21079.51082,2193270771.0019445,-0.030841395103859304,0.4559497498525712
2025-01-20 00:00:00+00:00,892,BTCUSDT,1d,101331.57,109588.0,99550.0,102260.01,89529.231732,2025-01-20 23:59:59.999000+00:00,9398787064.320717,11597937,44770.529492,4704453254.515383,0.009162396279856155,0.45214811772295505
2025-01-21 00:00:00+00:00,893,BTCUSDT,1d,102260.0,107240.81,100119.04,106143.82,45941.02002,2025-01-21 23:59:59.999000+00:00,4768512258.156501,6842980,23227.02741,2411854258.5127187,0.03797975376689289,0.47266852286334987
2025-01-22 00:00:00+00:00,894,BTCUSDT,1d,106143.82,106394.46,103339.12,103706.66,22248.69254,2025-01-22 23:59:59.999000+00:00,2331144640.658579,4364035,10501.59306,1100173331.9876585,-0.022960922265658046,0.48752674082756325
2025-01-23 00:00:00+00:00,895,BTCUSDT,1d,103706.66,106850.0,101262.28,103910.34,53953.12031,2025-01-23 23:59:59.999000+00:00,5610760848.131639,6961383,27045.92646,2813824950.5718837,0.0019640011547956693,0.4791692425329323
2025-01-24 00:00:00+00:00,896,BTCUSDT,1d,103910.35,107120.0,102750.0,104870.5,23609.24017,2025-01-24 23:59:59.999000+00:00,2483818574.373748,4798886,11893.4605,1251601023.3484685,0.009240273874573157,0.4783354651397798
2025-01-25 00:00:00+00:00,897,BTCUSDT,1d,104870.51,105286.52,104106.09,104746.85,9068.32377,2025-01-25 23:59:59.999000+00:00,949511531.3578016,1770765,4462.60438,467284996.37609667,-0.0011790732379457491,0.4785722306093875
2025-01-26 00:00:00+00:00,898,BTCUSDT,1d,104746.86,105500.0,102520.44,102620.0,9812.51238,2025-01-26 23:59:59.999000+00:00,1024352365.4715524,1813011,4642.17247,484871090.3361497,-0.020304667873067395,0.48865077447018446
2025-01-27 00:00:00+00:00,899,BTCUSDT,1d,102620.01,103260.0,97777.77,102082.83,50758.1341,2025-01-27 23:59:59.999000+00:00,5092886322.829244,9368910,23529.22433,2361569760.8418937,-0.0052345546677060595,0.4615909660562698
2025-01-28 00:00:00+00:00,900,BTCUSDT,1d,102082.83,103800.0,100272.68,101335.52,22022.05765,2025-01-28 23:59:59.999000+00:00,2253977324.0362086,5428644,10756.64741,1101357650.2919877,-0.0073206238502596666,0.40411094156270627
2025-01-29 00:00:00+00:00,901,BTCUSDT,1d,101335.52,104782.68,101328.01,103733.24,23155.35802,2025-01-29 23:59:59.999000+00:00,2380383694.772136,5189699,11675.17182,1200636637.8143668,0.023661199942527578,0.4015993850377542
2025-01-30 00:00:00+00:00,902,BTCUSDT,1d,103733.25,106457.44,103278.54,104722.94,19374.07472,2025-01-30 23:59:59.999000+00:00,2038112603.5126407,3990075,10140.92834,1066933244.9920208,0.00954081835292131,0.3786558469424695
2025-01-31 00:00:00+00:00,903,BTCUSDT,1d,104722.94,106012.0,101560.0,102429.56,21983.18193,2025-01-31 23:59:59.999000+00:00,2282174002.1952176,4331904,10697.39968,1111485874.1292844,-0.021899499765762886,0.38776046366975847
2025-02-01 00:00:00+00:00,904,BTCUSDT,1d,102429.56,102783.71,100279.51,100635.65,12290.95747,2025-02-01 23:59:59.999000+00:00,1250354228.2372296,2588786,5625.89331,572540016.1490111,-0.01751359666096397,0.3975098599671623
2025-02-02 00:00:00+00:00,905,BTCUSDT,1d,100635.66,101456.6,96150.0,97700.59,34619.49939,2025-02-02 23:59:59.999000+00:00,3412084312.583628,7202339,15587.16669,1536076091.303013,-0.029165211334154395,0.4196572656750368
2025-02-03 00:00:00+00:00,906,BTCUSDT,1d,97700.59,102500.01,91231.0,101328.52,75164.7385,2025-02-03 23:59:59.999000+00:00,7228589180.71162,10625262,36736.56946,3537845694.4812655,0.03713314320824468,0.44456248818033023
2025-02-04 00:00:00+00:00,907,BTCUSDT,1d,101328.51,101732.31,96150.0,97763.13,40267.98697,2025-02-04 23:59:59.999000+00:00,3989698644.2649302,6618911,19091.58154,1891457194.3598328,-0.03518644109279401,0.4652327395974246
2025-02-05 00:00:00+00:00,908,BTCUSDT,1d,97763.14,99149.0,96155.0,96612.43,26233.30444,2025-02-05 23:59:59.999000+00:00,2562342153.829685,4471763,11032.55174,1078316288.1425588,-0.011770285996367091,0.43348516603773707
2025-02-06 00:00:00+00:00,909,BTCUSDT,1d,96612.44,99120.0,95676.64,96554.35,23515.20405,2025-02-06 23:59:59.999000+00:00,2289071921.21756,4242807,11261.53049,1096611639.3760087,-0.0006011648811647952,0.4332377447011434
2025-02-07 00:00:00+00:00,910,BTCUSDT,1d,96554.35,100137.99,95620.34,96506.8,31794.22065,2025-02-07 23:59:59.999000+00:00,3107592434.6738343,5012456,15249.3537,1491114588.559852,-0.0004924687494659574,0.39182543499931705
2025-02-08 00:00:00+00:00,911,BTCUSDT,1d,96506.8,96880.0,95688.0,96444.74,10147.24294,2025-02-08 23:59:59.999000+00:00,977040267.5158632,1757892,4450.52682,428452764.9047411,-0.0006430634939713631,0.3904816786862494
2025-02-09 00:00:00+00:00,912,BTCUSDT,1d,96444.75,97323.09,94713.0,96462.75,14120.91613,2025-02-09 23:59:59.999000+00:00,1359495152.3107975,2293192,6663.72875,641795598.1752762,0.00018673905907151678,0.37202498835333303
2025-02-10 00:00:00+00:00,913,BTCUSDT,1d,96462.75,98345.0,95256.0,97430.82,20572.87537,2025-02-10 23:59:59.999000+00:00,1999112052.6687863,3475919,9607.62329,933665618.5050192,0.010035687350816946,0.37252760401493423
2025-02-11 00:00:00+00:00,914,BTCUSDT,1d,97430.82,98478.42,94876.88,95778.2,18647.76379,2025-02-11 23:59:59.999000+00:00,1806534846.3863196,3716586,8594.50066,832320054.8763715,-0.016961983897908373,0.3329067921754563
2025-02-12 00:00:00+00:00,915,BTCUSDT,1d,95778.21,98119.99,94088.23,97869.99,29151.16625,2025-02-12 23:59:59.999000+00:00,2800142168.3943653,4992737,13820.70553,1328044257.0401335,0.021839938524633062,0.3404582149483499
2025-02-13 00:00:00+00:00,916,BTCUSDT,1d,97870.0,98083.91,95217.36,96608.14,19921.77616,2025-02-13 23:59:59.999000+00:00,1916988246.3921185,3909456,8852.16215,851823567.0939348,-0.0128931248485874,0.342449335890184
2025-02-14 00:00:00+00:00,917,BTCUSDT,1d,96608.13,98826.0,96252.82,97500.48,18173.02646,2025-02-14 23:59:59.999000+00:00,1768073218.8690155,3499564,9061.31682,881925349.6444213,0.009236695789816451,0.34244694289117794
2025-02-15 00:00:00+00:00,918,BTCUSDT,1d,97500.47,97972.26,97223.58,97569.66,7349.37683,2025-02-15 23:59:59.999000+00:00,717245393.778092,1694327,3579.14202,349322778.2339769,0.0007095349684433927,0.34275190476433065
2025-02-16 00:00:00+00:00,919,BTCUSDT,1d,97569.67,97704.47,96046.18,96118.12,8191.4249,2025-02-16 23:59:59.999000+00:00,794694242.2949731,1596701,3719.73063,360842416.66441673,-0.014876960727340904,0.3385357610826876
2025-02-17 00:00:00+00:00,920,BTCUSDT,1d,96118.12,97046.59,95205.0,95780.0,16492.0451,2025-02-17 23:59:59.999000+00:00,1584593526.1754677,2831237,8010.41565,769979077.1361973,-0.0035177550289164916,0.3384011289975267
2025-02-18 00:00:00+00:00,921,BTCUSDT,1d,95780.01,96753.91,93388.09,95671.74,23368.19471,2025-02-18 23:59:59.999000+00:00,2223994802.892005,4234248,11432.47367,1088319233.5219896,-0.0011302986009604776,0.33790267468388957
2025-02-19 00:00:00+00:00,922,BTCUSDT,1d,95671.74,96899.99,95029.99,96644.37,16438.50954,2025-02-19 23:59:59.999000+00:00,1576817572.1032505,2784225,7173.61807,688586919.9759259,0.01016632497746972,0.32313316821833854
2025-02-20 00:00:00+00:00,923,BTCUSDT,1d,96644.37,98711.36,96415.09,98305.0,17057.39177,2025-02-20 23:59:59.999000+00:00,1663386824.7315507,2386973,8356.42859,815056614.173827,0.017182894357943512,0.33013935568948416
2025-02-21 00:00:00+00:00,924,BTCUSDT,1d,98305.01,99475.0,94871.95,96181.98,32249.2814,2025-02-21 23:59:59.999000+00:00,3143975917.573464,4528525,15313.58184,1493403646.8483028,-0.02159625654849706,0.32982254209724626
2025-02-22 00:00:00+00:00,925,BTCUSDT,1d,96181.99,96980.0,95770.49,96551.01,11268.17708,2025-02-22 23:59:59.999000+00:00,1087077133.8226364,1506418,5293.28051,510722895.1675426,0.0038367893861199764,0.32446714481720357
2025-02-23 00:00:00+00:00,926,BTCUSDT,1d,96551.01,96650.0,95227.94,96258.0,10884.84913,2025-02-23 23:59:59.999000+00:00,1044392011.791024,1457368,4619.93267,443381984.4110255,-0.003034768875022631,0.3017927922252383
2025-02-24 00:00:00+00:00,927,BTCUSDT,1d,96258.0,96500.0,91349.26,91552.88,31550.10299,2025-02-24 23:59:59.999000+00:00,2981809595.445377,4972684,14438.63366,1366473567.8747733,-0.04888030085811046,0.31818095447526135
2025-02-25 00:00:00+00:00,928,BTCUSDT,1d,91552.88,92540.69,86050.99,88680.4,78333.11111,2025-02-25 23:59:59.999000+00:00,6962982500.904473,10289145,35822.15275,3183981371.4750504,-0.0313750916410277,0.311846840359924
2025-02-26 00:00:00+00:00,929,BTCUSDT,1d,88680.39,89414.15,82256.01,84250.09,56893.54409,2025-02-26 23:59:59.999000+00:00,4898429925.636476,8490006,28077.1845,2417690848.8189874,-0.04995816437454048,0.3643128379056225
2025-02-27 00:00:00+00:00,930,BTCUSDT,1d,84250.09,87078.46,82716.49,84708.58,42505.45439,2025-02-27 23:59:59.999000+00:00,3618738891.222162,6357581,20355.71969,1732725913.2817628,0.005442011990729023,0.3669066980646337
2025-02-28 00:00:00+00:00,931,BTCUSDT,1d,84708.57,85120.0,78258.52,84349.94,83648.03969,2025-02-28 23:59:59.999000+00:00,6806705236.69068,11344216,40224.85287,3274291175.8104,-0.0042338096093689215,0.36620623840089106
2025-03-01 00:00:00+00:00,932,BTCUSDT,1d,84349.95,86558.0,83824.78,86064.53,25785.05464,2025-03-01 23:59:59.999000+00:00,2194003507.852643,3700728,11748.10769,1000093822.5383524,0.02032710396711601,0.3821167950890361
2025-03-02 00:00:00+00:00,933,BTCUSDT,1d,86064.54,95000.0,85050.6,94270.0,54889.09045,2025-03-02 23:59:59.999000+00:00,4972549515.788669,7403218,29273.81031,2652973441.154539,0.09534090292481712,0.5675768187585811
2025-03-03 00:00:00+00:00,934,BTCUSDT,1d,94269.99,94416.46,85117.11,86220.61,59171.10218,2025-03-03 23:59:59.999000+00:00,5321123743.471923,9797860,27915.4365,2513464571.356911,-0.08538654927336375,0.6656366707109219
2025-03-04 00:00:00+00:00,935,BTCUSDT,1d,86221.16,88967.52,81500.0,87281.98,55609.10706,2025-03-04 23:59:59.999000+00:00,4704901219.590436,10326631,27584.7159,2335087296.239287,0.012309933784973248,0.6674030281842169
2025-03-05 00:00:00+00:00,936,BTCUSDT,1d,87281.98,91000.0,86334.53,90606.01,38264.01163,2025-03-05 23:59:59.999000+00:00,3400243670.304976,8070266,19230.28436,1709708737.4698937,0.038083806073143656,0.6820809729080768
2025-03-06 00:00:00+00:00,937,BTCUSDT,1d,90606.0,92810.64,87836.0,89931.89,34342.44902,2025-03-06 23:59:59.999000+00:00,3105145628.3993993,7643526,17283.99411,1563426526.4289935,-0.007440124556858829,0.6810242479418203
2025-03-07 00:00:00+00:00,938,BTCUSDT,1d,89931.88,91283.02,84667.03,86801.75,57980.35713,2025-03-07 23:59:59.999000+00:00,5097554826.613157,9510442,28394.41537,2497922400.4504447,-0.034805673493573885,0.69149062988682
2025-03-08 00:00:00+00:00,939,BTCUSDT,1d,86801.74,86897.25,85218.47,86222.45,12989.23054,2025-03-08 23:59:59.999000+00:00,1119358968.6520057,2553974,6491.56581,559581591.3470743,-0.006673828580645025,0.6910831236995882
2025-03-09 00:00:00+00:00,940,BTCUSDT,1d,86222.46,86500.0,80000.0,80734.37,26115.39345,2025-03-09 23:59:59.999000+00:00,2173552660.4544797,5189138,12093.87232,1006299692.7104127,-0.0636502442229373,0.7321768800755163
2025-03-10 00:00:00+00:00,941,BTCUSDT,1d,80734.48,84123.46,77459.91,78595.86,47633.38405,2025-03-10 23:59:59.999000+00:00,3834924947.7581854,8701538,22898.57072,1846606255.3521488,-0.026488223045525672,0.7361083461699061
2025-03-11 00:00:00+00:00,942,BTCUSDT,1d,78595.86,83617.4,76606.0,82932.99,48770.06853,2025-03-11 23:59:59.999000+00:00,3927000827.110792,6983310,24029.1677,1935950413.2018197,0.055182677560879245,0.7825982300834172
2025-03-12 00:00:00+00:00,943,BTCUSDT,1d,82932.99,84539.85,80607.65,83680.12,31933.986,2025-03-12 23:59:59.999000+00:00,2638600996.825396,5253577,15749.41702,1301890518.499408,0.009008839546240877,0.782177077634105
2025-03-13 00:00:00+00:00,944,BTCUSDT,1d,83680.12,84336.33,79939.9,81115.78,27546.27412,2025-03-13 23:59:59.999000+00:00,2260870111.2393894,4367093,13013.18135,1067945431.1219468,-0.030644554525017353,0.7816787716835495
2025-03-14 00:00:00+00:00,945,BTCUSDT,1d,81115.78,85309.71,80818.84,83983.2,26858.52755,2025-03-14 23:59:59.999000+00:00,2244729595.541172,3290987,14082.88688,1177807467.01818,0.03534971863674374,0.7998637305145495
2025-03-15 00:00:00+00:00,946,BTCUSDT,1d,83983.19,84676.28,83618.0,84338.44,11324.7332,2025-03-15 23:59:59.999000+00:00,953445671.8337504,1329670,5195.29128,437551330.253166,0.004229893597767154,0.7999500836878805
2025-03-16 00:00:00+00:00,947,BTCUSDT,1d,84338.44,85117.04,81981.12,82574.53,17596.12531,2025-03-16 23:59:59.999000+00:00,1468056556.2967227,2767947,8505.95317,710037465.075748,-0.020914662400679962,0.8023789539589059
2025-03-17 00:00:00+00:00,948,BTCUSDT,1d,82574.52,84756.83,82456.0,84010.03,17214.74358,2025-03-17 23:59:59.999000+00:00,1437716814.046874,3014756,8387.89111,700505421.7877294,0.017384295133135996,0.7857962809080026
2025-03-18 00:00:00+00:00,949,BTCUSDT,1d,84010.02,84021.74,81134.66,82715.03,17610.89883,2025-03-18 23:59:59.999000+00:00,1450813055.479726,3126371,8047.23418,662808749.3427887,-0.015414826063030795,0.7781627978498548
2025-03-19 00:00:00+00:00,950,BTCUSDT,1d,82715.03,87000.0,82547.16,86845.94,28151.05374,2025-03-19 23:59:59.999000+00:00,2375813941.9437623,3774761,13804.24847,1166238970.2811463,0.04994146771149088,0.7784780618255409
2025-03-20 00:00:00+00:00,951,BTCUSDT,1d,86845.93,87453.67,83655.23,84223.39,22090.30463,2025-03-20 23:59:59.999000+00:00,1885241921.155652,3252595,10163.59262,867440339.2962606,-0.030197727147636355,0.789895052489742
2025-03-21 00:00:00+00:00,952,BTCUSDT,1d,84223.38,84850.33,83175.25,84088.79,11956.97443,2025-03-21 23:59:59.999000+00:00,1005135519.2560016,2360005,5466.41961,459501348.0817583,-0.0015981308755205204,0.7896808401742933
2025-03-22 00:00:00+00:00,953,BTCUSDT,1d,84088.79,84539.17,83625.1,83840.59,5420.22114,2025-03-22 23:59:59.999000+00:00,456235443.80165213,864481,2284.19178,192291026.7874248,-0.0029516419489445944,0.7850524433584884
2025-03-23 00:00:00+00:00,954,BTCUSDT,1d,83840.59,86129.64,83809.75,86082.5,8461.97813,2025-03-23 23:59:59.999000+00:00,718692319.1499039,1206533,4424.81013,376007261.5213597,0.02674015056430301,0.6769516089374634
2025-03-24 00:00:00+00:00,955,BTCUSDT,1d,86082.5,88765.43,85519.09,87498.16,30115.62111,2025-03-24 23:59:59.999000+00:00,2636765917.9518437,2916713,14379.95578,1258638667.112904,0.01644538669299811,0.5787255205337256
2025-03-25 00:00:00+00:00,956,BTCUSDT,1d,87498.16,88539.63,86310.0,87392.87,22643.25248,2025-03-25 23:59:59.999000+00:00,1979571590.8982935,2802815,9440.56294,825308072.6337814,-0.0012033395902268929,0.5767033217834883
2025-03-26 00:00:00+00:00,957,BTCUSDT,1d,87392.88,88275.0,85860.0,86909.17,18408.78485,2025-03-26 23:59:59.999000+00:00,1606406955.5864632,2380154,8590.97753,749604853.2968135,-0.005534776464029556,0.5530010628005766
2025-03-27 00:00:00+00:00,958,BTCUSDT,1d,86909.17,87756.39,85800.0,87232.01,17098.03897,2025-03-27 23:59:59.999000+00:00,1487968807.7079022,2376381,8185.05517,712324893.2889168,0.003714682811951864,0.552800147234385
2025-03-28 00:00:00+00:00,959,BTCUSDT,1d,87232.01,87515.67,83585.0,84424.38,27182.73169,2025-03-28 23:59:59.999000+00:00,2309946560.6641135,3236085,11274.83736,958523321.8112733,-0.0321857767578666,0.5499813763393109
2025-03-29 00:00:00+00:00,960,BTCUSDT,1d,84424.38,84624.73,81644.81,82648.54,11696.39864,2025-03-29 23:59:59.999000+00:00,970199917.9868717,2172387,5621.60485,466215575.48490685,-0.02103468216171689,0.5559465268396174
2025-03-30 00:00:00+00:00,961,BTCUSDT,1d,82648.53,83534.64,81565.0,82389.99,9864.49508,2025-03-30 23:59:59.999000+00:00,816584795.5288126,1907663,4725.07105,391214080.11011606,-0.0031283069247198814,0.48548169634568467
2025-03-31 00:00:00+00:00,962,BTCUSDT,1d,82390.0,83943.08,81278.52,82550.01,20569.13885,2025-03-31 23:59:59.999000+00:00,1696009191.0809648,3964358,9912.88184,817875871.1107411,0.0019422262340362817,0.47003702555218974
2025-04-01 00:00:00+00:00,963,BTCUSDT,1d,82550.0,85579.46,82432.74,85158.34,20190.39697,2025-04-01 23:59:59.999000+00:00,1698895702.5754683,3328693,10246.42648,862302772.4330863,0.031596967704788925,0.4305322907303047
2025-04-02 00:00:00+00:00,964,BTCUSDT,1d,85158.35,88500.0,82320.0,82516.29,39931.457,2025-04-02 23:59:59.999000+00:00,3417279759.830764,5338238,20739.67809,1777735583.840748,-0.0310251468030025,0.44971744395723134
2025-04-03 00:00:00+00:00,965,BTCUSDT,1d,82516.28,83998.02,81211.24,83213.09,27337.84135,2025-04-03 23:59:59.999000+00:00,2259299724.8643928,4117486,13951.52792,1153439398.6198013,0.008444393222235336,0.4308800877423672
2025-04-04 00:00:00+00:00,966,BTCUSDT,1d,83213.09,84720.0,81659.0,83889.87,32915.53976,2025-04-04 23:59:59.999000+00:00,2739842666.426737,4992586,15896.18779,1323832046.264688,0.00813309540602325,0.40603373088369205
2025-04-05 00:00:00+00:00,967,BTCUSDT,1d,83889.87,84266.0,82379.95,83537.99,9360.40468,2025-04-05 23:59:59.999000+00:00,779626577.9013437,1575750,4029.64658,335654613.7277184,-0.004194546969735313,0.4060120962547144
2025-04-06 00:00:00+00:00,968,BTCUSDT,1d,83537.99,83817.63,77153.83,78430.0,27942.71436,2025-04-06 23:59:59.999000+00:00,2239085051.1529646,3948493,12493.8449,1001459573.494466,-0.061145713465215135,0.47258527930163247
2025-04-07 00:00:00+00:00,969,BTCUSDT,1d,78430.0,81243.58,74508.0,79163.24,78387.53089,2025-04-07 23:59:59.999000+00:00,6084614024.150647,9736596,39075.84274,3034375055.6843963,0.009348973607038236,0.46768383544878955
2025-04-08 00:00:00+00:00,970,BTCUSDT,1d,79163.24,80867.99,76239.9,76322.42,35317.32063,2025-04-08 23:59:59.999000+00:00,2775277777.102461,5512751,15704.73031,1235370767.1153505,-0.03588559538492875,0.4854201441858417
2025-04-09 00:00:00+00:00,971,BTCUSDT,1d,76322.42,83588.0,74620.0,82615.22,75488.28772,2025-04-09 23:59:59.999000+00:00,5980231256.222496,7741252,39491.62958,3137004042.959261,0.0824502158081466,0.5634083309351529
2025-04-10 00:00:00+00:00,972,BTCUSDT,1d,82615.22,82753.21,78464.36,79607.3,33284.80718,2025-04-10 23:59:59.999000+00:00,2690294353.847842,4529545,16339.9191,1321475356.0200849,-0.036408787630172745,0.5696489047492044
2025-04-11 00:00:00+00:00,973,BTCUSDT,1d,79607.3,84300.0,78969.58,83423.84,34435.43797,2025-04-11 23:59:59.999000+00:00,2830363945.1787524,4423157,18019.58367,1482515278.9177043,0.047942085713244875,0.6069228441299275
2025-04-12 00:00:00+00:00,974,BTCUSDT,1d,83423.83,85905.0,82792.95,85276.9,18470.74437,2025-04-12 23:59:59.999000+00:00,1557403252.9267516,2501196,9526.72644,803747272.783468,0.022212595344448305,0.6136452325767363
2025-04-13 00:00:00+00:00,975,BTCUSDT,1d,85276.91,86100.0,83034.23,83760.0,24680.04181,2025-04-13 23:59:59.999000+00:00,2086106375.4392557,3275879,11658.67909,986303246.0931836,-0.017787935537056265,0.6080044771033845
2025-04-14 00:00:00+00:00,976,BTCUSDT,1d,83760.0,85799.99,83678.0,84591.58,28659.09348,2025-04-14 23:59:59.999000+00:00,2429132805.0815287,3921522,15196.58929,1288815999.1406171,0.009928127984718316,0.6052269439539921
2025-04-15 00:00:00+00:00,977,BTCUSDT,1d,84591.58,86496.42,83600.0,83643.99,20910.99528,2025-04-15 23:59:59.999000+00:00,1780972414.3956008,2910533,10439.36072,889895753.1673651,-0.011201942320973268,0.6066815002694137
2025-04-16 00:00:00+00:00,978,BTCUSDT,1d,83643.99,85500.0,83111.64,84030.38,20867.24519,2025-04-16 23:59:59.999000+00:00,1753910031.2009242,3264730,10456.769,878939829.4848368,0.004619459210398746,0.6069597203918339
2025-04-17 00:00:00+00:00,979,BTCUSDT,1d,84030.38,85470.01,83736.26,84947.91,13728.84772,2025-04-17 23:59:59.999000+00:00,1161659427.386263,2003405,6424.41565,543726754.4187016,0.010919027142326287,0.6087490147726512
2025-04-18 00:00:00+00:00,980,BTCUSDT,1d,84947.92,85132.08,84303.96,84474.69,6529.96315,2025-04-18 23:59:59.999000+00:00,552648483.6474872,840009,2911.78856,246467088.2621466,-0.005570707978571843,0.5936177089606757
2025-04-19 00:00:00+00:00,981,BTCUSDT,1d,84474.7,85677.99,84364.45,85077.01,9666.58153,2025-04-19 23:59:59.999000+00:00,823222752.2842493,875226,5416.30087,461342923.999082,0.007130183016948566,0.586556483155018
2025-04-20 00:00:00+00:00,982,BTCUSDT,1d,85077.0,85320.76,83949.52,85179.24,8091.67725,2025-04-20 23:59:59.999000+00:00,685253644.8918362,944130,3843.48314,325482835.7378329,0.0012016172171542827,0.5861668586941374
2025-04-21 00:00:00+00:00,983,BTCUSDT,1d,85179.24,88465.99,85144.76,87516.23,31773.37262,2025-04-21 23:59:59.999000+00:00,2773299591.467066,3041395,17216.39877,1502705225.134135,0.02743614523914495,0.5956556564283911
2025-04-22 00:00:00+00:00,984,BTCUSDT,1d,87516.22,93888.0,87076.03,93442.99,43872.74705,2025-04-22 23:59:59.999000+00:00,3967785064.1281695,3268475,22777.77047,2062639579.2030852,0.0677218385664009,0.6441054086016003
2025-04-23 00:00:00+00:00,985,BTCUSDT,1d,93442.99,94696.05,91935.41,93691.08,27404.16808,2025-04-23 23:59:59.999000+00:00,2560279933.947952,3016536,13128.05774,1226992558.5765462,0.0026549878166355345,0.6247752897833908
2025-04-24 00:00:00+00:00,986,BTCUSDT,1d,93691.07,94005.0,91660.01,93980.47,19497.06071,2025-04-24 23:59:59.999000+00:00,1811120137.314679,2797383,8565.18128,795787487.3608981,0.0030887678955136,0.6248808522197744
2025-04-25 00:00:00+00:00,987,BTCUSDT,1d,93980.47,95758.04,92855.96,94638.68,27500.66648,2025-04-25 23:59:59.999000+00:00,2596877713.640173,3331828,13072.22136,1234153095.7292683,0.007003689170739236,0.6248385844240333
2025-04-26 00:00:00+00:00,988,BTCUSDT,1d,94638.68,95199.0,93870.69,94628.0,9415.06875,2025-04-26 23:59:59.999000+00:00,889627361.8414446,1475983,4156.22463,392757114.43835795,-0.0001128502637609552,0.6238231090254379
2025-04-27 00:00:00+00:00,989,BTCUSDT,1d,94628.0,95369.0,93602.58,93749.3,11162.841,2025-04-27 23:59:59.999000+00:00,1052334792.1866188,1918160,5250.08719,495112239.1081697,-0.009285835059390402,0.5549243030222114
2025-04-28 00:00:00+00:00,990,BTCUSDT,1d,93749.29,95630.0,92800.01,95011.18,22157.53351,2025-04-28 23:59:59.999000+00:00,2092532996.555172,3424740,11626.77592,1098667305.239998,0.013460153835815225,0.5552463613683805
2025-04-29 00:00:00+00:00,991,BTCUSDT,1d,95011.18,95461.53,93742.54,94256.82,16955.3402,2025-04-29 23:59:59.999000+00:00,1607154803.4675477,3020875,7112.68469,674688527.813066,-0.007939697201950202,0.5253246294132805
2025-04-30 00:00:00+00:00,992,BTCUSDT,1d,94256.82,95228.45,92910.0,94172.0,17661.2751,2025-04-30 23:59:59.999000+00:00,1664825670.9831252,3214149,8393.2162,791272380.0312446,-0.0008998818334843284,0.4215121505242647
2025-05-01 00:00:00+00:00,993,BTCUSDT,1d,94172.0,97424.02,94130.43,96489.91,21380.45343,2025-05-01 23:59:59.999000+00:00,2053857614.2732673,2925716,10925.87308,1049157198.8587636,0.024613579407891883,0.3832287334794319
2025-05-02 00:00:00+00:00,994,BTCUSDT,1d,96489.9,97895.68,96350.0,96887.14,14905.74811,2025-05-02 23:59:59.999000+00:00,1446387651.5840576,2698263,7440.33531,722022817.2246199,0.004116803508263045,0.3443457207609881
2025-05-03 00:00:00+00:00,995,BTCUSDT,1d,96887.13,96935.67,95753.01,95856.42,9723.34838,2025-05-03 23:59:59.999000+00:00,935906144.9651498,1181239,3929.4049,378271292.4443145,-0.010638357164841517,0.34561627673425244
2025-05-04 00:00:00+00:00,996,BTCUSDT,1d,95856.42,96304.48,94151.38,94277.62,11036.38342,2025-05-04 23:59:59.999000+00:00,1053542403.8531588,1674726,4385.33486,418573470.8569623,-0.016470466975503584,0.34401971879979865
2025-05-05 00:00:00+00:00,997,BTCUSDT,1d,94277.61,95199.0,93514.1,94733.68,17251.18189,2025-05-05 23:59:59.999000+00:00,1626999380.1759968,2623300,8399.64855,792299650.3395202,0.0048374152847727725,0.34355890974473974
2025-05-06 00:00:00+00:00,998,BTCUSDT,1d,94733.68,96920.65,93377.0,96834.02,16122.64513,2025-05-06 23:59:59.999000+00:00,1526847764.5636683,2512960,7505.95734,711372483.6117135,0.022170995574119168,0.342019440382537
2025-05-07 00:00:00+00:00,999,BTCUSDT,1d,96834.02,97732.0,95784.61,97030.5,16644.83854,2025-05-07 23:59:59.999000+00:00,1611730124.5924544,2849139,8316.74471,805430612.4055353,0.0020290389679165077,0.3425387171837264
2025-05-08 00:00:00+00:00,1000,BTCUSDT,1d,97030.5,104145.76,96876.29,103261.6,34962.02847,2025-05-08 23:59:59.999000+00:00,3508645830.5650144,4991147,18547.23009,1861334478.364427,0.06421795208723036,0.4174794143153924
2025-05-09 00:00:00+00:00,1001,BTCUSDT,1d,103261.61,104361.3,102315.14,102971.99,27617.39907,2025-05-09 23:59:59.999000+00:00,2847518447.981513,4406929,14525.20381,1497826622.326188,-0.002804624371499198,0.41580571628894286
2025-05-10 00:00:00+00:00,1002,BTCUSDT,1d,102971.99,104984.57,102818.76,104809.53,15324.78611,2025-05-10 23:59:59.999000+00:00,1588386278.502415,2227845,8258.23478,856095289.5216646,0.017845046988020696,0.4169987699301533
2025-05-11 00:00:00+00:00,1003,BTCUSDT,1d,104809.53,104972.0,103345.06,104118.0,17987.12197,2025-05-11 23:59:59.999000+00:00,1873381777.2124252,3100176,9071.95578,944903285.107308,-0.006597968715249425,0.42131656802799805
2025-05-12 00:00:00+00:00,1004,BTCUSDT,1d,104118.0,105819.45,102544.25,102800.02,21240.47003,2025-05-12 23:59:59.999000+00:00,2216569578.339396,3294422,11333.14979,1183428728.593871,-0.012658522061507083,0.4238918744437559
